SQL> 
SQL> REM CHARACTER MANIPULATION FUNCTIONS : CONCAT LPAD RPAD LTRIM RTRIM TRIM LENGTH TRANSLATE REPLACE SUBSTR INSTR
SQL> 
SQL> SELECT FIRST_NAME || LAST_NAME FROM EMPLOYEES;

FIRST_NAME||LAST_NAME                                                                                                                                                                                   
------------------------------                                                                                                                                                                          
StevenKing                                                                                                                                                                                              
NeenaKochhar                                                                                                                                                                                            
LexDe Haan                                                                                                                                                                                              
AlexanderHunold                                                                                                                                                                                         
BruceErnst                                                                                                                                                                                              
DianaLorentz                                                                                                                                                                                            
KevinMourgos                                                                                                                                                                                            
TrennaRajs                                                                                                                                                                                              
CurtisDavies                                                                                                                                                                                            
RandallMatos                                                                                                                                                                                            
PeterVargas                                                                                                                                                                                             
EleniZlotkey                                                                                                                                                                                            
EllenAbel                                                                                                                                                                                               
JonathonTaylor                                                                                                                                                                                          
KimerelyGrant                                                                                                                                                                                           
JenniferWhalen                                                                                                                                                                                          
MichaelHartstein                                                                                                                                                                                        
PatFay                                                                                                                                                                                                  
ShelleyHiggins                                                                                                                                                                                          
WilliamGietz                                                                                                                                                                                            

20 rows selected.

SQL> SELECT CONCAT(FIRST_NAME,LAST_NAME) FROM EMPLOYEES;

CONCAT(FIRST_NAME,LAST_NAME)                                                                                                                                                                            
------------------------------                                                                                                                                                                          
StevenKing                                                                                                                                                                                              
NeenaKochhar                                                                                                                                                                                            
LexDe Haan                                                                                                                                                                                              
AlexanderHunold                                                                                                                                                                                         
BruceErnst                                                                                                                                                                                              
DianaLorentz                                                                                                                                                                                            
KevinMourgos                                                                                                                                                                                            
TrennaRajs                                                                                                                                                                                              
CurtisDavies                                                                                                                                                                                            
RandallMatos                                                                                                                                                                                            
PeterVargas                                                                                                                                                                                             
EleniZlotkey                                                                                                                                                                                            
EllenAbel                                                                                                                                                                                               
JonathonTaylor                                                                                                                                                                                          
KimerelyGrant                                                                                                                                                                                           
JenniferWhalen                                                                                                                                                                                          
MichaelHartstein                                                                                                                                                                                        
PatFay                                                                                                                                                                                                  
ShelleyHiggins                                                                                                                                                                                          
WilliamGietz                                                                                                                                                                                            

20 rows selected.

SQL> SELECT FIRST_NAME || ' ' || LAST_NAME FROM EMPLOYEES;

FIRST_NAME||''||LAST_NAME                                                                                                                                                                               
-------------------------------                                                                                                                                                                         
Steven King                                                                                                                                                                                             
Neena Kochhar                                                                                                                                                                                           
Lex De Haan                                                                                                                                                                                             
Alexander Hunold                                                                                                                                                                                        
Bruce Ernst                                                                                                                                                                                             
Diana Lorentz                                                                                                                                                                                           
Kevin Mourgos                                                                                                                                                                                           
Trenna Rajs                                                                                                                                                                                             
Curtis Davies                                                                                                                                                                                           
Randall Matos                                                                                                                                                                                           
Peter Vargas                                                                                                                                                                                            
Eleni Zlotkey                                                                                                                                                                                           
Ellen Abel                                                                                                                                                                                              
Jonathon Taylor                                                                                                                                                                                         
Kimerely Grant                                                                                                                                                                                          
Jennifer Whalen                                                                                                                                                                                         
Michael Hartstein                                                                                                                                                                                       
Pat Fay                                                                                                                                                                                                 
Shelley Higgins                                                                                                                                                                                         
William Gietz                                                                                                                                                                                           

20 rows selected.

SQL> SELECT CONCAT(FIRST_NAME,' ',LAST_NAME) FROM EMPLOYEES;
SELECT CONCAT(FIRST_NAME,' ',LAST_NAME) FROM EMPLOYEES
       *
ERROR at line 1:
ORA-00909: invalid number of arguments 


SQL> SELECT CONCAT(FIRST_NAME,CONCAT(' ',LAST_NAME)) FROM EMPLOYEES;

CONCAT(FIRST_NAME,CONCAT('',LAS                                                                                                                                                                         
-------------------------------                                                                                                                                                                         
Steven King                                                                                                                                                                                             
Neena Kochhar                                                                                                                                                                                           
Lex De Haan                                                                                                                                                                                             
Alexander Hunold                                                                                                                                                                                        
Bruce Ernst                                                                                                                                                                                             
Diana Lorentz                                                                                                                                                                                           
Kevin Mourgos                                                                                                                                                                                           
Trenna Rajs                                                                                                                                                                                             
Curtis Davies                                                                                                                                                                                           
Randall Matos                                                                                                                                                                                           
Peter Vargas                                                                                                                                                                                            
Eleni Zlotkey                                                                                                                                                                                           
Ellen Abel                                                                                                                                                                                              
Jonathon Taylor                                                                                                                                                                                         
Kimerely Grant                                                                                                                                                                                          
Jennifer Whalen                                                                                                                                                                                         
Michael Hartstein                                                                                                                                                                                       
Pat Fay                                                                                                                                                                                                 
Shelley Higgins                                                                                                                                                                                         
William Gietz                                                                                                                                                                                           

20 rows selected.

SQL> REM NESTING OF FUNCTION : FUNCTION WITHIN FUNCTION
SQL> 
SQL> REM OUTER AND INNER FUNCTION MAY BE SAME OR DIFFERENT
SQL> 
SQL> REM WE CAN NEST FUNCTION UPTO infinite LIMIT
SQL> 
SQL> REM THE EXECUTION WILL BE PERFOMED FROM INNER FUNCTION TO OUTER FUNCTION, LEFT TO RIGHT
SQL> 
SQL> SELECT * FROM EMPLOYEES;

EMPLOYEE_ID FIRST_NAME      LAST_NAME       EMAIL      PHONE_NUMBER         HIRE_DATE JOB_ID         SALARY COMMISSION_PCT MANAGER_ID DEPARTMENT_ID                                                     
----------- --------------- --------------- ---------- -------------------- --------- ---------- ---------- -------------- ---------- -------------                                                     
        100 Steven          King            SKING      515.123.4567         17-JUL-87 AD_PRES         24000                                      90                                                     
        101 Neena           Kochhar         NKOCHHAR   515.123.4568         21-SEP-89 AD_VP           17000                       100            90                                                     
        102 Lex             De Haan         LDEHAAN    515.123.4569         13-JAN-93 AD_VP           17000                       100            90                                                     
        103 Alexander       Hunold          AHUNOLD    590.423.4567         03-JAN-90 IT_PROG          9000                       102            60                                                     
        104 Bruce           Ernst           BERNST     590.423.4568         21-MAY-91 IT_PROG          6000                       103            60                                                     
        107 Diana           Lorentz         DLORENTZ   590.423.5567         07-FEB-99 IT_PROG          4200                       103            60                                                     
        124 Kevin           Mourgos         KMOURGOS   650.123.5234         16-NOV-99 ST_MAN           5800                       100            50                                                     
        141 Trenna          Rajs            TRAJS      650.121.8009         17-OCT-95 ST_CLERK         3500                       124            50                                                     
        142 Curtis          Davies          CDAVIES    650.121.2994         29-JAN-97 ST_CLERK         3100                       124            50                                                     
        143 Randall         Matos           RMATOS     650.121.2874         15-MAR-98 ST_CLERK         2600                       124            50                                                     
        144 Peter           Vargas          PVARGAS    650.121.2004         09-JUL-98 ST_CLERK         2500                       124            50                                                     
        149 Eleni           Zlotkey         EZLOTKEY   011.44.1344.429018   29-JAN-00 SA_MAN          10500             .2        100            80                                                     
        174 Ellen           Abel            EABEL      011.44.1644.429267   11-MAY-96 SA_REP          11000             .3        149            80                                                     
        176 Jonathon        Taylor          JTAYLOR    011.44.1644.429265   24-MAR-98 SA_REP           8600             .3        149            80                                                     
        178 Kimerely        Grant           KGRANT     011.44.1644.429263   24-MAY-99 SA_REP           7000            .15        149                                                                   
        200 Jennifer        Whalen          JWHALEN    515.123.4444         17-SEP-87 AD_ASST          4400                       101            10                                                     
        201 Michael         Hartstein       MHARTSTE   515.123.5555         17-FEB-96 MK_MAN          13000                       100            20                                                     
        202 Pat             Fay             PFAY       603.123.6666         17-AUG-97 MK_REP           6000                       201            20                                                     
        205 Shelley         Higgins         SHIGGINS   515.123.8080         07-JUN-94 AC_MGR          12000                       101           110                                                     
        206 William         Gietz           WGIETZ     515.123.8181         07-JUN-94 AC_ACCOUNT       8300                       205           110                                                     

20 rows selected.

SQL> REM Steven King works as AD_PRES
SQL> 
SQL> SELECT CONCAT(CONCAT(FIRST_NAME,LAST_NAME),CONCAT(' works as ',JOB_ID)) FROM EMPLOYEES;

CONCAT(CONCAT(FIRST_NAME,LAST_NAME),CONCAT('WORKSA                                                                                                                                                      
--------------------------------------------------                                                                                                                                                      
StevenKing works as AD_PRES                                                                                                                                                                             
NeenaKochhar works as AD_VP                                                                                                                                                                             
LexDe Haan works as AD_VP                                                                                                                                                                               
AlexanderHunold works as IT_PROG                                                                                                                                                                        
BruceErnst works as IT_PROG                                                                                                                                                                             
DianaLorentz works as IT_PROG                                                                                                                                                                           
KevinMourgos works as ST_MAN                                                                                                                                                                            
TrennaRajs works as ST_CLERK                                                                                                                                                                            
CurtisDavies works as ST_CLERK                                                                                                                                                                          
RandallMatos works as ST_CLERK                                                                                                                                                                          
PeterVargas works as ST_CLERK                                                                                                                                                                           
EleniZlotkey works as SA_MAN                                                                                                                                                                            
EllenAbel works as SA_REP                                                                                                                                                                               
JonathonTaylor works as SA_REP                                                                                                                                                                          
KimerelyGrant works as SA_REP                                                                                                                                                                           
JenniferWhalen works as AD_ASST                                                                                                                                                                         
MichaelHartstein works as MK_MAN                                                                                                                                                                        
PatFay works as MK_REP                                                                                                                                                                                  
ShelleyHiggins works as AC_MGR                                                                                                                                                                          
WilliamGietz works as AC_ACCOUNT                                                                                                                                                                        

20 rows selected.

SQL> SELECT CONCAT(CONCAT(FIRST_NAME||' ',LAST_NAME),CONCAT(' works as ',JOB_ID)) FROM EMPLOYEES;

CONCAT(CONCAT(FIRST_NAME||'',LAST_NAME),CONCAT('WOR                                                                                                                                                     
---------------------------------------------------                                                                                                                                                     
Steven King works as AD_PRES                                                                                                                                                                            
Neena Kochhar works as AD_VP                                                                                                                                                                            
Lex De Haan works as AD_VP                                                                                                                                                                              
Alexander Hunold works as IT_PROG                                                                                                                                                                       
Bruce Ernst works as IT_PROG                                                                                                                                                                            
Diana Lorentz works as IT_PROG                                                                                                                                                                          
Kevin Mourgos works as ST_MAN                                                                                                                                                                           
Trenna Rajs works as ST_CLERK                                                                                                                                                                           
Curtis Davies works as ST_CLERK                                                                                                                                                                         
Randall Matos works as ST_CLERK                                                                                                                                                                         
Peter Vargas works as ST_CLERK                                                                                                                                                                          
Eleni Zlotkey works as SA_MAN                                                                                                                                                                           
Ellen Abel works as SA_REP                                                                                                                                                                              
Jonathon Taylor works as SA_REP                                                                                                                                                                         
Kimerely Grant works as SA_REP                                                                                                                                                                          
Jennifer Whalen works as AD_ASST                                                                                                                                                                        
Michael Hartstein works as MK_MAN                                                                                                                                                                       
Pat Fay works as MK_REP                                                                                                                                                                                 
Shelley Higgins works as AC_MGR                                                                                                                                                                         
William Gietz works as AC_ACCOUNT                                                                                                                                                                       

20 rows selected.

SQL> SELECT CONCAT(CONCAT(FIRST_NAME||' ',LAST_NAME),CONCAT(' works as ',JOB_ID||'.')) FROM EMPLOYEES;

CONCAT(CONCAT(FIRST_NAME||'',LAST_NAME),CONCAT('WORK                                                                                                                                                    
----------------------------------------------------                                                                                                                                                    
Steven King works as AD_PRES.                                                                                                                                                                           
Neena Kochhar works as AD_VP.                                                                                                                                                                           
Lex De Haan works as AD_VP.                                                                                                                                                                             
Alexander Hunold works as IT_PROG.                                                                                                                                                                      
Bruce Ernst works as IT_PROG.                                                                                                                                                                           
Diana Lorentz works as IT_PROG.                                                                                                                                                                         
Kevin Mourgos works as ST_MAN.                                                                                                                                                                          
Trenna Rajs works as ST_CLERK.                                                                                                                                                                          
Curtis Davies works as ST_CLERK.                                                                                                                                                                        
Randall Matos works as ST_CLERK.                                                                                                                                                                        
Peter Vargas works as ST_CLERK.                                                                                                                                                                         
Eleni Zlotkey works as SA_MAN.                                                                                                                                                                          
Ellen Abel works as SA_REP.                                                                                                                                                                             
Jonathon Taylor works as SA_REP.                                                                                                                                                                        
Kimerely Grant works as SA_REP.                                                                                                                                                                         
Jennifer Whalen works as AD_ASST.                                                                                                                                                                       
Michael Hartstein works as MK_MAN.                                                                                                                                                                      
Pat Fay works as MK_REP.                                                                                                                                                                                
Shelley Higgins works as AC_MGR.                                                                                                                                                                        
William Gietz works as AC_ACCOUNT.                                                                                                                                                                      

20 rows selected.

SQL> REM LPAD
SQL> 
SQL> SELECT SALARY , LPAD(SALARY,10,'*') FROM EMPLOYEES;

    SALARY LPAD(SALARY,10,'*')                                                                                                                                                                          
---------- ----------------------------------------                                                                                                                                                     
     24000 *****24000                                                                                                                                                                                   
     17000 *****17000                                                                                                                                                                                   
     17000 *****17000                                                                                                                                                                                   
      9000 ******9000                                                                                                                                                                                   
      6000 ******6000                                                                                                                                                                                   
      4200 ******4200                                                                                                                                                                                   
      5800 ******5800                                                                                                                                                                                   
      3500 ******3500                                                                                                                                                                                   
      3100 ******3100                                                                                                                                                                                   
      2600 ******2600                                                                                                                                                                                   
      2500 ******2500                                                                                                                                                                                   
     10500 *****10500                                                                                                                                                                                   
     11000 *****11000                                                                                                                                                                                   
      8600 ******8600                                                                                                                                                                                   
      7000 ******7000                                                                                                                                                                                   
      4400 ******4400                                                                                                                                                                                   
     13000 *****13000                                                                                                                                                                                   
      6000 ******6000                                                                                                                                                                                   
     12000 *****12000                                                                                                                                                                                   
      8300 ******8300                                                                                                                                                                                   

20 rows selected.

SQL> SELECT SALARY , LPAD(SALARY,10,'*+') FROM EMPLOYEES;

    SALARY LPAD(SALARY,10,'*+')                                                                                                                                                                         
---------- ----------------------------------------                                                                                                                                                     
     24000 *+*+*24000                                                                                                                                                                                   
     17000 *+*+*17000                                                                                                                                                                                   
     17000 *+*+*17000                                                                                                                                                                                   
      9000 *+*+*+9000                                                                                                                                                                                   
      6000 *+*+*+6000                                                                                                                                                                                   
      4200 *+*+*+4200                                                                                                                                                                                   
      5800 *+*+*+5800                                                                                                                                                                                   
      3500 *+*+*+3500                                                                                                                                                                                   
      3100 *+*+*+3100                                                                                                                                                                                   
      2600 *+*+*+2600                                                                                                                                                                                   
      2500 *+*+*+2500                                                                                                                                                                                   
     10500 *+*+*10500                                                                                                                                                                                   
     11000 *+*+*11000                                                                                                                                                                                   
      8600 *+*+*+8600                                                                                                                                                                                   
      7000 *+*+*+7000                                                                                                                                                                                   
      4400 *+*+*+4400                                                                                                                                                                                   
     13000 *+*+*13000                                                                                                                                                                                   
      6000 *+*+*+6000                                                                                                                                                                                   
     12000 *+*+*12000                                                                                                                                                                                   
      8300 *+*+*+8300                                                                                                                                                                                   

20 rows selected.

SQL> SELECT SALARY , LPAD(SALARY,15) FROM EMPLOYEES;

    SALARY LPAD(SALARY,15)                                                                                                                                                                              
---------- ------------------------------------------------------------                                                                                                                                 
     24000           24000                                                                                                                                                                              
     17000           17000                                                                                                                                                                              
     17000           17000                                                                                                                                                                              
      9000            9000                                                                                                                                                                              
      6000            6000                                                                                                                                                                              
      4200            4200                                                                                                                                                                              
      5800            5800                                                                                                                                                                              
      3500            3500                                                                                                                                                                              
      3100            3100                                                                                                                                                                              
      2600            2600                                                                                                                                                                              
      2500            2500                                                                                                                                                                              
     10500           10500                                                                                                                                                                              
     11000           11000                                                                                                                                                                              
      8600            8600                                                                                                                                                                              
      7000            7000                                                                                                                                                                              
      4400            4400                                                                                                                                                                              
     13000           13000                                                                                                                                                                              
      6000            6000                                                                                                                                                                              
     12000           12000                                                                                                                                                                              
      8300            8300                                                                                                                                                                              

20 rows selected.

SQL> SELECT FIRST_NAME , LPAD(FIRST_NAME,15) FROM EMPLOYEES;

FIRST_NAME      LPAD(FIRST_NAME,15)                                                                                                                                                                     
--------------- ------------------------------------------------------------                                                                                                                            
Steven                   Steven                                                                                                                                                                         
Neena                     Neena                                                                                                                                                                         
Lex                         Lex                                                                                                                                                                         
Alexander             Alexander                                                                                                                                                                         
Bruce                     Bruce                                                                                                                                                                         
Diana                     Diana                                                                                                                                                                         
Kevin                     Kevin                                                                                                                                                                         
Trenna                   Trenna                                                                                                                                                                         
Curtis                   Curtis                                                                                                                                                                         
Randall                 Randall                                                                                                                                                                         
Peter                     Peter                                                                                                                                                                         
Eleni                     Eleni                                                                                                                                                                         
Ellen                     Ellen                                                                                                                                                                         
Jonathon               Jonathon                                                                                                                                                                         
Kimerely               Kimerely                                                                                                                                                                         
Jennifer               Jennifer                                                                                                                                                                         
Michael                 Michael                                                                                                                                                                         
Pat                         Pat                                                                                                                                                                         
Shelley                 Shelley                                                                                                                                                                         
William                 William                                                                                                                                                                         

20 rows selected.

SQL> REM RPAD
SQL> 
SQL> SELECT SALARY , RPAD(SALARY,10,'*') FROM EMPLOYEES;

    SALARY RPAD(SALARY,10,'*')                                                                                                                                                                          
---------- ----------------------------------------                                                                                                                                                     
     24000 24000*****                                                                                                                                                                                   
     17000 17000*****                                                                                                                                                                                   
     17000 17000*****                                                                                                                                                                                   
      9000 9000******                                                                                                                                                                                   
      6000 6000******                                                                                                                                                                                   
      4200 4200******                                                                                                                                                                                   
      5800 5800******                                                                                                                                                                                   
      3500 3500******                                                                                                                                                                                   
      3100 3100******                                                                                                                                                                                   
      2600 2600******                                                                                                                                                                                   
      2500 2500******                                                                                                                                                                                   
     10500 10500*****                                                                                                                                                                                   
     11000 11000*****                                                                                                                                                                                   
      8600 8600******                                                                                                                                                                                   
      7000 7000******                                                                                                                                                                                   
      4400 4400******                                                                                                                                                                                   
     13000 13000*****                                                                                                                                                                                   
      6000 6000******                                                                                                                                                                                   
     12000 12000*****                                                                                                                                                                                   
      8300 8300******                                                                                                                                                                                   

20 rows selected.

SQL> SELECT SALARY , RPAD(SALARY,10,'*+') FROM EMPLOYEES;

    SALARY RPAD(SALARY,10,'*+')                                                                                                                                                                         
---------- ----------------------------------------                                                                                                                                                     
     24000 24000*+*+*                                                                                                                                                                                   
     17000 17000*+*+*                                                                                                                                                                                   
     17000 17000*+*+*                                                                                                                                                                                   
      9000 9000*+*+*+                                                                                                                                                                                   
      6000 6000*+*+*+                                                                                                                                                                                   
      4200 4200*+*+*+                                                                                                                                                                                   
      5800 5800*+*+*+                                                                                                                                                                                   
      3500 3500*+*+*+                                                                                                                                                                                   
      3100 3100*+*+*+                                                                                                                                                                                   
      2600 2600*+*+*+                                                                                                                                                                                   
      2500 2500*+*+*+                                                                                                                                                                                   
     10500 10500*+*+*                                                                                                                                                                                   
     11000 11000*+*+*                                                                                                                                                                                   
      8600 8600*+*+*+                                                                                                                                                                                   
      7000 7000*+*+*+                                                                                                                                                                                   
      4400 4400*+*+*+                                                                                                                                                                                   
     13000 13000*+*+*                                                                                                                                                                                   
      6000 6000*+*+*+                                                                                                                                                                                   
     12000 12000*+*+*                                                                                                                                                                                   
      8300 8300*+*+*+                                                                                                                                                                                   

20 rows selected.

SQL> SELECT FIRST_NAME , RPAD(FIRST_NAME,15) FROM EMPLOYEES;

FIRST_NAME      RPAD(FIRST_NAME,15)                                                                                                                                                                     
--------------- ------------------------------------------------------------                                                                                                                            
Steven          Steven                                                                                                                                                                                  
Neena           Neena                                                                                                                                                                                   
Lex             Lex                                                                                                                                                                                     
Alexander       Alexander                                                                                                                                                                               
Bruce           Bruce                                                                                                                                                                                   
Diana           Diana                                                                                                                                                                                   
Kevin           Kevin                                                                                                                                                                                   
Trenna          Trenna                                                                                                                                                                                  
Curtis          Curtis                                                                                                                                                                                  
Randall         Randall                                                                                                                                                                                 
Peter           Peter                                                                                                                                                                                   
Eleni           Eleni                                                                                                                                                                                   
Ellen           Ellen                                                                                                                                                                                   
Jonathon        Jonathon                                                                                                                                                                                
Kimerely        Kimerely                                                                                                                                                                                
Jennifer        Jennifer                                                                                                                                                                                
Michael         Michael                                                                                                                                                                                 
Pat             Pat                                                                                                                                                                                     
Shelley         Shelley                                                                                                                                                                                 
William         William                                                                                                                                                                                 

20 rows selected.

SQL> SELECT SALARY , RPAD(SALARY,15) FROM EMPLOYEES;

    SALARY RPAD(SALARY,15)                                                                                                                                                                              
---------- ------------------------------------------------------------                                                                                                                                 
     24000 24000                                                                                                                                                                                        
     17000 17000                                                                                                                                                                                        
     17000 17000                                                                                                                                                                                        
      9000 9000                                                                                                                                                                                         
      6000 6000                                                                                                                                                                                         
      4200 4200                                                                                                                                                                                         
      5800 5800                                                                                                                                                                                         
      3500 3500                                                                                                                                                                                         
      3100 3100                                                                                                                                                                                         
      2600 2600                                                                                                                                                                                         
      2500 2500                                                                                                                                                                                         
     10500 10500                                                                                                                                                                                        
     11000 11000                                                                                                                                                                                        
      8600 8600                                                                                                                                                                                         
      7000 7000                                                                                                                                                                                         
      4400 4400                                                                                                                                                                                         
     13000 13000                                                                                                                                                                                        
      6000 6000                                                                                                                                                                                         
     12000 12000                                                                                                                                                                                        
      8300 8300                                                                                                                                                                                         

20 rows selected.

SQL> SELECT FIRST_NAME FROM EMPLOYEES;

FIRST_NAME                                                                                                                                                                                              
---------------                                                                                                                                                                                         
Steven                                                                                                                                                                                                  
Neena                                                                                                                                                                                                   
Lex                                                                                                                                                                                                     
Alexander                                                                                                                                                                                               
Bruce                                                                                                                                                                                                   
Diana                                                                                                                                                                                                   
Kevin                                                                                                                                                                                                   
Trenna                                                                                                                                                                                                  
Curtis                                                                                                                                                                                                  
Randall                                                                                                                                                                                                 
Peter                                                                                                                                                                                                   
Eleni                                                                                                                                                                                                   
Ellen                                                                                                                                                                                                   
Jonathon                                                                                                                                                                                                
Kimerely                                                                                                                                                                                                
Jennifer                                                                                                                                                                                                
Michael                                                                                                                                                                                                 
Pat                                                                                                                                                                                                     
Shelley                                                                                                                                                                                                 
William                                                                                                                                                                                                 

20 rows selected.

SQL> REM Steven : +++Steven---    +++Neena---
> 
SQL> 
SQL> SELECT HIRE_DATE FROM EMPLOYEES;

HIRE_DATE                                                                                                                                                                                               
---------                                                                                                                                                                                               
17-JUL-87                                                                                                                                                                                               
21-SEP-89                                                                                                                                                                                               
13-JAN-93                                                                                                                                                                                               
03-JAN-90                                                                                                                                                                                               
21-MAY-91                                                                                                                                                                                               
07-FEB-99                                                                                                                                                                                               
16-NOV-99                                                                                                                                                                                               
17-OCT-95                                                                                                                                                                                               
29-JAN-97                                                                                                                                                                                               
15-MAR-98                                                                                                                                                                                               
09-JUL-98                                                                                                                                                                                               
29-JAN-00                                                                                                                                                                                               
11-MAY-96                                                                                                                                                                                               
24-MAR-98                                                                                                                                                                                               
24-MAY-99                                                                                                                                                                                               
17-SEP-87                                                                                                                                                                                               
17-FEB-96                                                                                                                                                                                               
17-AUG-97                                                                                                                                                                                               
07-JUN-94                                                                                                                                                                                               
07-JUN-94                                                                                                                                                                                               

20 rows selected.

SQL> REM +++17-JUL-87
SQL> 
SQL> REM +++17-JUL-87---
> 
SQL> REM +++21-SEP-89---
> 
SQL> 
SQL> SELECT HIRE_DATE , RPAD(LPAD(HIRE_DATE,12,'+'),15,'-') FROM EMPLOYEES;

HIRE_DATE RPAD(LPAD(HIRE_DATE,12,'+'),15,'-')                                                                                                                                                           
--------- ------------------------------------------------------------                                                                                                                                  
17-JUL-87 +++17-JUL-87---                                                                                                                                                                               
21-SEP-89 +++21-SEP-89---                                                                                                                                                                               
13-JAN-93 +++13-JAN-93---                                                                                                                                                                               
03-JAN-90 +++03-JAN-90---                                                                                                                                                                               
21-MAY-91 +++21-MAY-91---                                                                                                                                                                               
07-FEB-99 +++07-FEB-99---                                                                                                                                                                               
16-NOV-99 +++16-NOV-99---                                                                                                                                                                               
17-OCT-95 +++17-OCT-95---                                                                                                                                                                               
29-JAN-97 +++29-JAN-97---                                                                                                                                                                               
15-MAR-98 +++15-MAR-98---                                                                                                                                                                               
09-JUL-98 +++09-JUL-98---                                                                                                                                                                               
29-JAN-00 +++29-JAN-00---                                                                                                                                                                               
11-MAY-96 +++11-MAY-96---                                                                                                                                                                               
24-MAR-98 +++24-MAR-98---                                                                                                                                                                               
24-MAY-99 +++24-MAY-99---                                                                                                                                                                               
17-SEP-87 +++17-SEP-87---                                                                                                                                                                               
17-FEB-96 +++17-FEB-96---                                                                                                                                                                               
17-AUG-97 +++17-AUG-97---                                                                                                                                                                               
07-JUN-94 +++07-JUN-94---                                                                                                                                                                               
07-JUN-94 +++07-JUN-94---                                                                                                                                                                               

20 rows selected.

SQL> REM LTRIM
SQL> 
SQL> SELECT HIRE_DATE , LTRIM(HIRE_DATE,'1') FROM EMPLOYEES;

HIRE_DATE LTRIM(HIRE_DATE,'1                                                                                                                                                                            
--------- ------------------                                                                                                                                                                            
17-JUL-87 7-JUL-87                                                                                                                                                                                      
21-SEP-89 21-SEP-89                                                                                                                                                                                     
13-JAN-93 3-JAN-93                                                                                                                                                                                      
03-JAN-90 03-JAN-90                                                                                                                                                                                     
21-MAY-91 21-MAY-91                                                                                                                                                                                     
07-FEB-99 07-FEB-99                                                                                                                                                                                     
16-NOV-99 6-NOV-99                                                                                                                                                                                      
17-OCT-95 7-OCT-95                                                                                                                                                                                      
29-JAN-97 29-JAN-97                                                                                                                                                                                     
15-MAR-98 5-MAR-98                                                                                                                                                                                      
09-JUL-98 09-JUL-98                                                                                                                                                                                     
29-JAN-00 29-JAN-00                                                                                                                                                                                     
11-MAY-96 -MAY-96                                                                                                                                                                                       
24-MAR-98 24-MAR-98                                                                                                                                                                                     
24-MAY-99 24-MAY-99                                                                                                                                                                                     
17-SEP-87 7-SEP-87                                                                                                                                                                                      
17-FEB-96 7-FEB-96                                                                                                                                                                                      
17-AUG-97 7-AUG-97                                                                                                                                                                                      
07-JUN-94 07-JUN-94                                                                                                                                                                                     
07-JUN-94 07-JUN-94                                                                                                                                                                                     

20 rows selected.

SQL> SELECT HIRE_DATE , LTRIM(HIRE_DATE,'12') FROM EMPLOYEES;

HIRE_DATE LTRIM(HIRE_DATE,'1                                                                                                                                                                            
--------- ------------------                                                                                                                                                                            
17-JUL-87 7-JUL-87                                                                                                                                                                                      
21-SEP-89 -SEP-89                                                                                                                                                                                       
13-JAN-93 3-JAN-93                                                                                                                                                                                      
03-JAN-90 03-JAN-90                                                                                                                                                                                     
21-MAY-91 -MAY-91                                                                                                                                                                                       
07-FEB-99 07-FEB-99                                                                                                                                                                                     
16-NOV-99 6-NOV-99                                                                                                                                                                                      
17-OCT-95 7-OCT-95                                                                                                                                                                                      
29-JAN-97 9-JAN-97                                                                                                                                                                                      
15-MAR-98 5-MAR-98                                                                                                                                                                                      
09-JUL-98 09-JUL-98                                                                                                                                                                                     
29-JAN-00 9-JAN-00                                                                                                                                                                                      
11-MAY-96 -MAY-96                                                                                                                                                                                       
24-MAR-98 4-MAR-98                                                                                                                                                                                      
24-MAY-99 4-MAY-99                                                                                                                                                                                      
17-SEP-87 7-SEP-87                                                                                                                                                                                      
17-FEB-96 7-FEB-96                                                                                                                                                                                      
17-AUG-97 7-AUG-97                                                                                                                                                                                      
07-JUN-94 07-JUN-94                                                                                                                                                                                     
07-JUN-94 07-JUN-94                                                                                                                                                                                     

20 rows selected.

SQL> SELECT HIRE_DATE , RTRIM(HIRE_DATE,'9') FROM EMPLOYEES;

HIRE_DATE RTRIM(HIRE_DATE,'9                                                                                                                                                                            
--------- ------------------                                                                                                                                                                            
17-JUL-87 17-JUL-87                                                                                                                                                                                     
21-SEP-89 21-SEP-8                                                                                                                                                                                      
13-JAN-93 13-JAN-93                                                                                                                                                                                     
03-JAN-90 03-JAN-90                                                                                                                                                                                     
21-MAY-91 21-MAY-91                                                                                                                                                                                     
07-FEB-99 07-FEB-                                                                                                                                                                                       
16-NOV-99 16-NOV-                                                                                                                                                                                       
17-OCT-95 17-OCT-95                                                                                                                                                                                     
29-JAN-97 29-JAN-97                                                                                                                                                                                     
15-MAR-98 15-MAR-98                                                                                                                                                                                     
09-JUL-98 09-JUL-98                                                                                                                                                                                     
29-JAN-00 29-JAN-00                                                                                                                                                                                     
11-MAY-96 11-MAY-96                                                                                                                                                                                     
24-MAR-98 24-MAR-98                                                                                                                                                                                     
24-MAY-99 24-MAY-                                                                                                                                                                                       
17-SEP-87 17-SEP-87                                                                                                                                                                                     
17-FEB-96 17-FEB-96                                                                                                                                                                                     
17-AUG-97 17-AUG-97                                                                                                                                                                                     
07-JUN-94 07-JUN-94                                                                                                                                                                                     
07-JUN-94 07-JUN-94                                                                                                                                                                                     

20 rows selected.

SQL> SELECT HIRE_DATE , RTRIM(HIRE_DATE,'98') FROM EMPLOYEES;

HIRE_DATE RTRIM(HIRE_DATE,'9                                                                                                                                                                            
--------- ------------------                                                                                                                                                                            
17-JUL-87 17-JUL-87                                                                                                                                                                                     
21-SEP-89 21-SEP-                                                                                                                                                                                       
13-JAN-93 13-JAN-93                                                                                                                                                                                     
03-JAN-90 03-JAN-90                                                                                                                                                                                     
21-MAY-91 21-MAY-91                                                                                                                                                                                     
07-FEB-99 07-FEB-                                                                                                                                                                                       
16-NOV-99 16-NOV-                                                                                                                                                                                       
17-OCT-95 17-OCT-95                                                                                                                                                                                     
29-JAN-97 29-JAN-97                                                                                                                                                                                     
15-MAR-98 15-MAR-                                                                                                                                                                                       
09-JUL-98 09-JUL-                                                                                                                                                                                       
29-JAN-00 29-JAN-00                                                                                                                                                                                     
11-MAY-96 11-MAY-96                                                                                                                                                                                     
24-MAR-98 24-MAR-                                                                                                                                                                                       
24-MAY-99 24-MAY-                                                                                                                                                                                       
17-SEP-87 17-SEP-87                                                                                                                                                                                     
17-FEB-96 17-FEB-96                                                                                                                                                                                     
17-AUG-97 17-AUG-97                                                                                                                                                                                     
07-JUN-94 07-JUN-94                                                                                                                                                                                     
07-JUN-94 07-JUN-94                                                                                                                                                                                     

20 rows selected.

SQL> SELECT HIRE_DATE , LTRIM(RTRIM(HIRE_DATE,'98'),'12') FROM EMPLOYEES;

HIRE_DATE LTRIM(RTRIM(HIRE_D                                                                                                                                                                            
--------- ------------------                                                                                                                                                                            
17-JUL-87 7-JUL-87                                                                                                                                                                                      
21-SEP-89 -SEP-                                                                                                                                                                                         
13-JAN-93 3-JAN-93                                                                                                                                                                                      
03-JAN-90 03-JAN-90                                                                                                                                                                                     
21-MAY-91 -MAY-91                                                                                                                                                                                       
07-FEB-99 07-FEB-                                                                                                                                                                                       
16-NOV-99 6-NOV-                                                                                                                                                                                        
17-OCT-95 7-OCT-95                                                                                                                                                                                      
29-JAN-97 9-JAN-97                                                                                                                                                                                      
15-MAR-98 5-MAR-                                                                                                                                                                                        
09-JUL-98 09-JUL-                                                                                                                                                                                       
29-JAN-00 9-JAN-00                                                                                                                                                                                      
11-MAY-96 -MAY-96                                                                                                                                                                                       
24-MAR-98 4-MAR-                                                                                                                                                                                        
24-MAY-99 4-MAY-                                                                                                                                                                                        
17-SEP-87 7-SEP-87                                                                                                                                                                                      
17-FEB-96 7-FEB-96                                                                                                                                                                                      
17-AUG-97 7-AUG-97                                                                                                                                                                                      
07-JUN-94 07-JUN-94                                                                                                                                                                                     
07-JUN-94 07-JUN-94                                                                                                                                                                                     

20 rows selected.

SQL> REM JUL
SQL> REM SEP
SQL> REM JAN
SQL> 
SQL> SELECT HIRE_DATE , LTRIM(RTRIM(HIRE_DATE,'0123456789'),'0123456789') FROM EMPLOYEES;

HIRE_DATE LTRIM(RTRIM(HIRE_D                                                                                                                                                                            
--------- ------------------                                                                                                                                                                            
17-JUL-87 -JUL-                                                                                                                                                                                         
21-SEP-89 -SEP-                                                                                                                                                                                         
13-JAN-93 -JAN-                                                                                                                                                                                         
03-JAN-90 -JAN-                                                                                                                                                                                         
21-MAY-91 -MAY-                                                                                                                                                                                         
07-FEB-99 -FEB-                                                                                                                                                                                         
16-NOV-99 -NOV-                                                                                                                                                                                         
17-OCT-95 -OCT-                                                                                                                                                                                         
29-JAN-97 -JAN-                                                                                                                                                                                         
15-MAR-98 -MAR-                                                                                                                                                                                         
09-JUL-98 -JUL-                                                                                                                                                                                         
29-JAN-00 -JAN-                                                                                                                                                                                         
11-MAY-96 -MAY-                                                                                                                                                                                         
24-MAR-98 -MAR-                                                                                                                                                                                         
24-MAY-99 -MAY-                                                                                                                                                                                         
17-SEP-87 -SEP-                                                                                                                                                                                         
17-FEB-96 -FEB-                                                                                                                                                                                         
17-AUG-97 -AUG-                                                                                                                                                                                         
07-JUN-94 -JUN-                                                                                                                                                                                         
07-JUN-94 -JUN-                                                                                                                                                                                         

20 rows selected.

SQL> SELECT HIRE_DATE , LTRIM(RTRIM(HIRE_DATE,'0123456789-'),'0123456789-') FROM EMPLOYEES;

HIRE_DATE LTRIM(RTRIM(HIRE_D                                                                                                                                                                            
--------- ------------------                                                                                                                                                                            
17-JUL-87 JUL                                                                                                                                                                                           
21-SEP-89 SEP                                                                                                                                                                                           
13-JAN-93 JAN                                                                                                                                                                                           
03-JAN-90 JAN                                                                                                                                                                                           
21-MAY-91 MAY                                                                                                                                                                                           
07-FEB-99 FEB                                                                                                                                                                                           
16-NOV-99 NOV                                                                                                                                                                                           
17-OCT-95 OCT                                                                                                                                                                                           
29-JAN-97 JAN                                                                                                                                                                                           
15-MAR-98 MAR                                                                                                                                                                                           
09-JUL-98 JUL                                                                                                                                                                                           
29-JAN-00 JAN                                                                                                                                                                                           
11-MAY-96 MAY                                                                                                                                                                                           
24-MAR-98 MAR                                                                                                                                                                                           
24-MAY-99 MAY                                                                                                                                                                                           
17-SEP-87 SEP                                                                                                                                                                                           
17-FEB-96 FEB                                                                                                                                                                                           
17-AUG-97 AUG                                                                                                                                                                                           
07-JUN-94 JUN                                                                                                                                                                                           
07-JUN-94 JUN                                                                                                                                                                                           

20 rows selected.

SQL> REM TRIM
SQL> 
SQL> SELECT HIRE_DATE , TRIM('0' FROM HIRE_DATE) FROM EMPLOYEES;

HIRE_DATE TRIM('0'FROMHIRE_D                                                                                                                                                                            
--------- ------------------                                                                                                                                                                            
17-JUL-87 17-JUL-87                                                                                                                                                                                     
21-SEP-89 21-SEP-89                                                                                                                                                                                     
13-JAN-93 13-JAN-93                                                                                                                                                                                     
03-JAN-90 3-JAN-9                                                                                                                                                                                       
21-MAY-91 21-MAY-91                                                                                                                                                                                     
07-FEB-99 7-FEB-99                                                                                                                                                                                      
16-NOV-99 16-NOV-99                                                                                                                                                                                     
17-OCT-95 17-OCT-95                                                                                                                                                                                     
29-JAN-97 29-JAN-97                                                                                                                                                                                     
15-MAR-98 15-MAR-98                                                                                                                                                                                     
09-JUL-98 9-JUL-98                                                                                                                                                                                      
29-JAN-00 29-JAN-                                                                                                                                                                                       
11-MAY-96 11-MAY-96                                                                                                                                                                                     
24-MAR-98 24-MAR-98                                                                                                                                                                                     
24-MAY-99 24-MAY-99                                                                                                                                                                                     
17-SEP-87 17-SEP-87                                                                                                                                                                                     
17-FEB-96 17-FEB-96                                                                                                                                                                                     
17-AUG-97 17-AUG-97                                                                                                                                                                                     
07-JUN-94 7-JUN-94                                                                                                                                                                                      
07-JUN-94 7-JUN-94                                                                                                                                                                                      

20 rows selected.

SQL> SELECT HIRE_DATE , TRIM('01' FROM HIRE_DATE) FROM EMPLOYEES;
SELECT HIRE_DATE , TRIM('01' FROM HIRE_DATE) FROM EMPLOYEES
                   *
ERROR at line 1:
ORA-30001: trim set should have only one character 


SQL> SELECT HIRE_DATE , TRIM(LEADING '0' FROM HIRE_DATE) FROM EMPLOYEES;

HIRE_DATE TRIM(LEADING'0'FRO                                                                                                                                                                            
--------- ------------------                                                                                                                                                                            
17-JUL-87 17-JUL-87                                                                                                                                                                                     
21-SEP-89 21-SEP-89                                                                                                                                                                                     
13-JAN-93 13-JAN-93                                                                                                                                                                                     
03-JAN-90 3-JAN-90                                                                                                                                                                                      
21-MAY-91 21-MAY-91                                                                                                                                                                                     
07-FEB-99 7-FEB-99                                                                                                                                                                                      
16-NOV-99 16-NOV-99                                                                                                                                                                                     
17-OCT-95 17-OCT-95                                                                                                                                                                                     
29-JAN-97 29-JAN-97                                                                                                                                                                                     
15-MAR-98 15-MAR-98                                                                                                                                                                                     
09-JUL-98 9-JUL-98                                                                                                                                                                                      
29-JAN-00 29-JAN-00                                                                                                                                                                                     
11-MAY-96 11-MAY-96                                                                                                                                                                                     
24-MAR-98 24-MAR-98                                                                                                                                                                                     
24-MAY-99 24-MAY-99                                                                                                                                                                                     
17-SEP-87 17-SEP-87                                                                                                                                                                                     
17-FEB-96 17-FEB-96                                                                                                                                                                                     
17-AUG-97 17-AUG-97                                                                                                                                                                                     
07-JUN-94 7-JUN-94                                                                                                                                                                                      
07-JUN-94 7-JUN-94                                                                                                                                                                                      

20 rows selected.

SQL> SELECT HIRE_DATE , TRIM(TRAILING '0' FROM HIRE_DATE) FROM EMPLOYEES;

HIRE_DATE TRIM(TRAILING'0'FR                                                                                                                                                                            
--------- ------------------                                                                                                                                                                            
17-JUL-87 17-JUL-87                                                                                                                                                                                     
21-SEP-89 21-SEP-89                                                                                                                                                                                     
13-JAN-93 13-JAN-93                                                                                                                                                                                     
03-JAN-90 03-JAN-9                                                                                                                                                                                      
21-MAY-91 21-MAY-91                                                                                                                                                                                     
07-FEB-99 07-FEB-99                                                                                                                                                                                     
16-NOV-99 16-NOV-99                                                                                                                                                                                     
17-OCT-95 17-OCT-95                                                                                                                                                                                     
29-JAN-97 29-JAN-97                                                                                                                                                                                     
15-MAR-98 15-MAR-98                                                                                                                                                                                     
09-JUL-98 09-JUL-98                                                                                                                                                                                     
29-JAN-00 29-JAN-                                                                                                                                                                                       
11-MAY-96 11-MAY-96                                                                                                                                                                                     
24-MAR-98 24-MAR-98                                                                                                                                                                                     
24-MAY-99 24-MAY-99                                                                                                                                                                                     
17-SEP-87 17-SEP-87                                                                                                                                                                                     
17-FEB-96 17-FEB-96                                                                                                                                                                                     
17-AUG-97 17-AUG-97                                                                                                                                                                                     
07-JUN-94 07-JUN-94                                                                                                                                                                                     
07-JUN-94 07-JUN-94                                                                                                                                                                                     

20 rows selected.

SQL> SELECT HIRE_DATE , TRIM(BOTH '0' FROM HIRE_DATE) FROM EMPLOYEES;

HIRE_DATE TRIM(BOTH'0'FROMHI                                                                                                                                                                            
--------- ------------------                                                                                                                                                                            
17-JUL-87 17-JUL-87                                                                                                                                                                                     
21-SEP-89 21-SEP-89                                                                                                                                                                                     
13-JAN-93 13-JAN-93                                                                                                                                                                                     
03-JAN-90 3-JAN-9                                                                                                                                                                                       
21-MAY-91 21-MAY-91                                                                                                                                                                                     
07-FEB-99 7-FEB-99                                                                                                                                                                                      
16-NOV-99 16-NOV-99                                                                                                                                                                                     
17-OCT-95 17-OCT-95                                                                                                                                                                                     
29-JAN-97 29-JAN-97                                                                                                                                                                                     
15-MAR-98 15-MAR-98                                                                                                                                                                                     
09-JUL-98 9-JUL-98                                                                                                                                                                                      
29-JAN-00 29-JAN-                                                                                                                                                                                       
11-MAY-96 11-MAY-96                                                                                                                                                                                     
24-MAR-98 24-MAR-98                                                                                                                                                                                     
24-MAY-99 24-MAY-99                                                                                                                                                                                     
17-SEP-87 17-SEP-87                                                                                                                                                                                     
17-FEB-96 17-FEB-96                                                                                                                                                                                     
17-AUG-97 17-AUG-97                                                                                                                                                                                     
07-JUN-94 7-JUN-94                                                                                                                                                                                      
07-JUN-94 7-JUN-94                                                                                                                                                                                      

20 rows selected.

SQL> SELECT HIRE_DATE , TRIM('0' FROM HIRE_DATE) FROM EMPLOYEES;

HIRE_DATE TRIM('0'FROMHIRE_D                                                                                                                                                                            
--------- ------------------                                                                                                                                                                            
17-JUL-87 17-JUL-87                                                                                                                                                                                     
21-SEP-89 21-SEP-89                                                                                                                                                                                     
13-JAN-93 13-JAN-93                                                                                                                                                                                     
03-JAN-90 3-JAN-9                                                                                                                                                                                       
21-MAY-91 21-MAY-91                                                                                                                                                                                     
07-FEB-99 7-FEB-99                                                                                                                                                                                      
16-NOV-99 16-NOV-99                                                                                                                                                                                     
17-OCT-95 17-OCT-95                                                                                                                                                                                     
29-JAN-97 29-JAN-97                                                                                                                                                                                     
15-MAR-98 15-MAR-98                                                                                                                                                                                     
09-JUL-98 9-JUL-98                                                                                                                                                                                      
29-JAN-00 29-JAN-                                                                                                                                                                                       
11-MAY-96 11-MAY-96                                                                                                                                                                                     
24-MAR-98 24-MAR-98                                                                                                                                                                                     
24-MAY-99 24-MAY-99                                                                                                                                                                                     
17-SEP-87 17-SEP-87                                                                                                                                                                                     
17-FEB-96 17-FEB-96                                                                                                                                                                                     
17-AUG-97 17-AUG-97                                                                                                                                                                                     
07-JUN-94 7-JUN-94                                                                                                                                                                                      
07-JUN-94 7-JUN-94                                                                                                                                                                                      

20 rows selected.

SQL> REM TRIM CAN TRIM FROM BOTH SIDES(DEFAULT) , FROM LEFT (LEADING) , FROM RIGHT (TRAILING) BUT SINGLE CHARACTER COMBINATIONS ONLY
SQL> 
SQL> SELECT LENGTH('  RAM   ') FROM DUAL;

LENGTH('RAM')                                                                                                                                                                                           
-------------                                                                                                                                                                                           
            8                                                                                                                                                                                           

SQL> SELECT LENGTH(LTRIM('  RAM   ')) FROM DUAL;

LENGTH(LTRIM('RAM'))                                                                                                                                                                                    
--------------------                                                                                                                                                                                    
                   6                                                                                                                                                                                    

SQL> SELECT LENGTH(RTRIM('  RAM   ')) FROM DUAL;

LENGTH(RTRIM('RAM'))                                                                                                                                                                                    
--------------------                                                                                                                                                                                    
                   5                                                                                                                                                                                    

SQL> SELECT LENGTH(TRIM('  RAM   ')) FROM DUAL;

LENGTH(TRIM('RAM'))                                                                                                                                                                                     
-------------------                                                                                                                                                                                     
                  3                                                                                                                                                                                     

SQL> SELECT FIRST_NAME , LENGTH(FIRST_NAME) FROM EMPLOYEES;

FIRST_NAME      LENGTH(FIRST_NAME)                                                                                                                                                                      
--------------- ------------------                                                                                                                                                                      
Steven                           6                                                                                                                                                                      
Neena                            5                                                                                                                                                                      
Lex                              3                                                                                                                                                                      
Alexander                        9                                                                                                                                                                      
Bruce                            5                                                                                                                                                                      
Diana                            5                                                                                                                                                                      
Kevin                            5                                                                                                                                                                      
Trenna                           6                                                                                                                                                                      
Curtis                           6                                                                                                                                                                      
Randall                          7                                                                                                                                                                      
Peter                            5                                                                                                                                                                      
Eleni                            5                                                                                                                                                                      
Ellen                            5                                                                                                                                                                      
Jonathon                         8                                                                                                                                                                      
Kimerely                         8                                                                                                                                                                      
Jennifer                         8                                                                                                                                                                      
Michael                          7                                                                                                                                                                      
Pat                              3                                                                                                                                                                      
Shelley                          7                                                                                                                                                                      
William                          7                                                                                                                                                                      

20 rows selected.

SQL> SELECT SALARY , LENGTH(SALARY) FROM EMPLOYEES;

    SALARY LENGTH(SALARY)                                                                                                                                                                               
---------- --------------                                                                                                                                                                               
     24000              5                                                                                                                                                                               
     17000              5                                                                                                                                                                               
     17000              5                                                                                                                                                                               
      9000              4                                                                                                                                                                               
      6000              4                                                                                                                                                                               
      4200              4                                                                                                                                                                               
      5800              4                                                                                                                                                                               
      3500              4                                                                                                                                                                               
      3100              4                                                                                                                                                                               
      2600              4                                                                                                                                                                               
      2500              4                                                                                                                                                                               
     10500              5                                                                                                                                                                               
     11000              5                                                                                                                                                                               
      8600              4                                                                                                                                                                               
      7000              4                                                                                                                                                                               
      4400              4                                                                                                                                                                               
     13000              5                                                                                                                                                                               
      6000              4                                                                                                                                                                               
     12000              5                                                                                                                                                                               
      8300              4                                                                                                                                                                               

20 rows selected.

SQL> REM ALL CHARACTER FUNCTIONS WORK ON ALL 3 BASIC DATA TYPES VALUES I.E. CHARACTER , NUMBER , DATE
SQL> 
SQL> SELECT HIRE_DATE , LENGTH(HIRE_DATE) FROM EMPLOYEES;

HIRE_DATE LENGTH(HIRE_DATE)                                                                                                                                                                             
--------- -----------------                                                                                                                                                                             
17-JUL-87                 9                                                                                                                                                                             
21-SEP-89                 9                                                                                                                                                                             
13-JAN-93                 9                                                                                                                                                                             
03-JAN-90                 9                                                                                                                                                                             
21-MAY-91                 9                                                                                                                                                                             
07-FEB-99                 9                                                                                                                                                                             
16-NOV-99                 9                                                                                                                                                                             
17-OCT-95                 9                                                                                                                                                                             
29-JAN-97                 9                                                                                                                                                                             
15-MAR-98                 9                                                                                                                                                                             
09-JUL-98                 9                                                                                                                                                                             
29-JAN-00                 9                                                                                                                                                                             
11-MAY-96                 9                                                                                                                                                                             
24-MAR-98                 9                                                                                                                                                                             
24-MAY-99                 9                                                                                                                                                                             
17-SEP-87                 9                                                                                                                                                                             
17-FEB-96                 9                                                                                                                                                                             
17-AUG-97                 9                                                                                                                                                                             
07-JUN-94                 9                                                                                                                                                                             
07-JUN-94                 9                                                                                                                                                                             

20 rows selected.

SQL> REM DATE DEFAULT FORMAT : DD-MON-RR
SQL> 
SQL> COL PARAMETER FORMAT A30
SQL> COL VALUE FORMAT A30
SQL> 
SQL> SELECT * FROM NLS_SESSION_PARAMETERS;

PARAMETER                      VALUE                                                                                                                                                                    
------------------------------ ------------------------------                                                                                                                                           
NLS_LANGUAGE                   AMERICAN                                                                                                                                                                 
NLS_TERRITORY                  AMERICA                                                                                                                                                                  
NLS_CURRENCY                   $                                                                                                                                                                        
NLS_ISO_CURRENCY               AMERICA                                                                                                                                                                  
NLS_NUMERIC_CHARACTERS         .,                                                                                                                                                                       
NLS_CALENDAR                   GREGORIAN                                                                                                                                                                
NLS_DATE_FORMAT                DD-MON-RR                                                                                                                                                                
NLS_DATE_LANGUAGE              AMERICAN                                                                                                                                                                 
NLS_SORT                       BINARY                                                                                                                                                                   
NLS_TIME_FORMAT                HH.MI.SSXFF AM                                                                                                                                                           
NLS_TIMESTAMP_FORMAT           DD-MON-RR HH.MI.SSXFF AM                                                                                                                                                 
NLS_TIME_TZ_FORMAT             HH.MI.SSXFF AM TZR                                                                                                                                                       
NLS_TIMESTAMP_TZ_FORMAT        DD-MON-RR HH.MI.SSXFF AM TZR                                                                                                                                             
NLS_DUAL_CURRENCY              $                                                                                                                                                                        
NLS_COMP                       BINARY                                                                                                                                                                   
NLS_LENGTH_SEMANTICS           BYTE                                                                                                                                                                     
NLS_NCHAR_CONV_EXCP            FALSE                                                                                                                                                                    

17 rows selected.

SQL> REM NLS = NATIONAL LANGUAGE SUPPORT
SQL> 
SQL> REM ALTER SESSION COMMAND CAN BE USED TO CHANGE DATE FORMAT FOR SESSION.
SQL> 
SQL> REM SESSION = TIME BETWEEN LOGIN AND LOGOUT
SQL> 
SQL> ALTER SESSION SET NLS_DATE_FORMAT = 'DD-MONTH-RRRR DAY';

Session altered.

SQL> SELECT * FROM NLS_SESSION_PARAMETERS;

PARAMETER                      VALUE                                                                                                                                                                    
------------------------------ ------------------------------                                                                                                                                           
NLS_LANGUAGE                   AMERICAN                                                                                                                                                                 
NLS_TERRITORY                  AMERICA                                                                                                                                                                  
NLS_CURRENCY                   $                                                                                                                                                                        
NLS_ISO_CURRENCY               AMERICA                                                                                                                                                                  
NLS_NUMERIC_CHARACTERS         .,                                                                                                                                                                       
NLS_CALENDAR                   GREGORIAN                                                                                                                                                                
NLS_DATE_FORMAT                DD-MONTH-RRRR DAY                                                                                                                                                        
NLS_DATE_LANGUAGE              AMERICAN                                                                                                                                                                 
NLS_SORT                       BINARY                                                                                                                                                                   
NLS_TIME_FORMAT                HH.MI.SSXFF AM                                                                                                                                                           
NLS_TIMESTAMP_FORMAT           DD-MON-RR HH.MI.SSXFF AM                                                                                                                                                 
NLS_TIME_TZ_FORMAT             HH.MI.SSXFF AM TZR                                                                                                                                                       
NLS_TIMESTAMP_TZ_FORMAT        DD-MON-RR HH.MI.SSXFF AM TZR                                                                                                                                             
NLS_DUAL_CURRENCY              $                                                                                                                                                                        
NLS_COMP                       BINARY                                                                                                                                                                   
NLS_LENGTH_SEMANTICS           BYTE                                                                                                                                                                     
NLS_NCHAR_CONV_EXCP            FALSE                                                                                                                                                                    

17 rows selected.

SQL> SELECT HIRE_DATE , LENGTH(HIRE_DATE) FROM EMPLOYEES;

HIRE_DATE                   LENGTH(HIRE_DATE)                                                                                                                                                           
--------------------------- -----------------                                                                                                                                                           
17-JULY     -1987 FRIDAY                   27                                                                                                                                                           
21-SEPTEMBER-1989 THURSDAY                 27                                                                                                                                                           
13-JANUARY  -1993 WEDNESDAY                27                                                                                                                                                           
03-JANUARY  -1990 WEDNESDAY                27                                                                                                                                                           
21-MAY      -1991 TUESDAY                  27                                                                                                                                                           
07-FEBRUARY -1999 SUNDAY                   27                                                                                                                                                           
16-NOVEMBER -1999 TUESDAY                  27                                                                                                                                                           
17-OCTOBER  -1995 TUESDAY                  27                                                                                                                                                           
29-JANUARY  -1997 WEDNESDAY                27                                                                                                                                                           
15-MARCH    -1998 SUNDAY                   27                                                                                                                                                           
09-JULY     -1998 THURSDAY                 27                                                                                                                                                           
29-JANUARY  -2000 SATURDAY                 27                                                                                                                                                           
11-MAY      -1996 SATURDAY                 27                                                                                                                                                           
24-MARCH    -1998 TUESDAY                  27                                                                                                                                                           
24-MAY      -1999 MONDAY                   27                                                                                                                                                           
17-SEPTEMBER-1987 THURSDAY                 27                                                                                                                                                           
17-FEBRUARY -1996 SATURDAY                 27                                                                                                                                                           
17-AUGUST   -1997 SUNDAY                   27                                                                                                                                                           
07-JUNE     -1994 TUESDAY                  27                                                                                                                                                           
07-JUNE     -1994 TUESDAY                  27                                                                                                                                                           

20 rows selected.

SQL> SPOOL OFF
