SQL> 
SQL> CL SCR

SQL> REM USING : 6 TABLES JOIN
SQL> 
SQL> REM E D L C R + JOBS
SQL> 
SQL> SELECT * FROM JOBS;

JOB_ID     JOB_TITLE                           MIN_SALARY MAX_SALARY            
---------- ----------------------------------- ---------- ----------            
AD_PRES    President                                20000      40000            
AD_VP      Administration Vice President            15000      30000            
AD_ASST    Administration Assistant                  3000       6000            
AC_MGR     Accounting Manager                        8200      16000            
AC_ACCOUNT Public Accountant                         4200       9000            
SA_MAN     Sales Manager                            10000      20000            
SA_REP     Sales Representative                      6000      12000            
ST_MAN     Stock Manager                             5500       8500            
ST_CLERK   Stock Clerk                               2000       5000            
IT_PROG    Programmer                                4000      10000            
MK_MAN     Marketing Manager                         9000      15000            

JOB_ID     JOB_TITLE                           MIN_SALARY MAX_SALARY            
---------- ----------------------------------- ---------- ----------            
MK_REP     Marketing Representative                  4000       9000            

12 rows selected.

SQL> SET LINES 200 PAGES 24
SQL> 
SQL> REM FIRST_NAME , DEPARTMENT_NAME
SQL> 
SQL> REM EMPLOYEES    DEPARTMENTS
SQL> 
SQL> 
SQL> SELECT FIRST_NAME , DEPARTMENT_NAME
  2  FROM EMPLOYEES
  3  JOIN DEPARTMENTS USING(DEPARTMENT_ID);

FIRST_NAME DEPARTMENT_NAME                                                                                                                                                                              
---------- ------------------------------                                                                                                                                                               
Steven     Executive                                                                                                                                                                                    
Neena      Executive                                                                                                                                                                                    
Lex        Executive                                                                                                                                                                                    
Alexander  IT                                                                                                                                                                                           
Bruce      IT                                                                                                                                                                                           
Diana      IT                                                                                                                                                                                           
Kevin      Shiping                                                                                                                                                                                      
Trenna     Shiping                                                                                                                                                                                      
Curtis     Shiping                                                                                                                                                                                      
Randall    Shiping                                                                                                                                                                                      
Peter      Shiping                                                                                                                                                                                      
Eleni      Sales                                                                                                                                                                                        
Ellen      Sales                                                                                                                                                                                        
Jonathon   Sales                                                                                                                                                                                        
Jennifer   Administration                                                                                                                                                                               
Michael    Marketing                                                                                                                                                                                    
Pat        Marketing                                                                                                                                                                                    
Shelley    Accounting                                                                                                                                                                                   
William    Accounting                                                                                                                                                                                   

19 rows selected.

SQL> REM FIRST_NAME , DEPARTMENT_NAME , CITY
SQL> 
SQL> REM EMPLOYEES    DEPARTMENTS       LOCATIONS
SQL> 
SQL> 
SQL> SELECT FIRST_NAME , DEPARTMENT_NAME , CITY
  2  FROM EMPLOYEES
  3  JOIN DEPARTMENTS USING (DEPARTMENT_ID)
  4  JOIN LOCATIONS   USING (LOCATION_ID);

FIRST_NAME DEPARTMENT_NAME                CITY                                                                                                                                                          
---------- ------------------------------ ------------------------------                                                                                                                                
Steven     Executive                      Seattle                                                                                                                                                       
Neena      Executive                      Seattle                                                                                                                                                       
Lex        Executive                      Seattle                                                                                                                                                       
Alexander  IT                             Southlake                                                                                                                                                     
Bruce      IT                             Southlake                                                                                                                                                     
Diana      IT                             Southlake                                                                                                                                                     
Kevin      Shiping                        South San Francisco                                                                                                                                           
Trenna     Shiping                        South San Francisco                                                                                                                                           
Curtis     Shiping                        South San Francisco                                                                                                                                           
Randall    Shiping                        South San Francisco                                                                                                                                           
Peter      Shiping                        South San Francisco                                                                                                                                           
Eleni      Sales                          Oxford                                                                                                                                                        
Ellen      Sales                          Oxford                                                                                                                                                        
Jonathon   Sales                          Oxford                                                                                                                                                        
Jennifer   Administration                 Seattle                                                                                                                                                       
Michael    Marketing                      Toronto                                                                                                                                                       
Pat        Marketing                      Toronto                                                                                                                                                       
Shelley    Accounting                     Seattle                                                                                                                                                       
William    Accounting                     Seattle                                                                                                                                                       

19 rows selected.

SQL> REM FIRST_NAME , DEPARTMENT_NAME , CITY , COUNTRY_NAME
SQL> 
SQL> REM EMPLOYEES    DEPARTMENTS       LOCATIONS COUNTRIES
SQL> 
SQL> SELECTE FIRST_NAME , DEPARTMENT_NAME , CITY
SP2-0734: unknown command beginning "SELECTE FI..." - rest of line ignored.
SQL> FROM EMPLOYEES
SP2-0734: unknown command beginning "FROM EMPLO..." - rest of line ignored.
SQL> JOIN DEPARTMENTS USING (DEPARTMENT_ID)
SP2-0734: unknown command beginning "JOIN DEPAR..." - rest of line ignored.
SQL> JOIN LOCATIONS USING (LOCATION_ID)
SP2-0734: unknown command beginning "JOIN LOCAT..." - rest of line ignored.
SP2-0044: For a list of known commands enter HELP
and to leave enter EXIT.
SQL>  JOIN COUNTRYS USING (COUNTRY_ID);
SP2-0734: unknown command beginning "JOIN COUNT..." - rest of line ignored.
SQL> 
SQL> 
SQL> SELECTE FIRST_NAME , DEPARTMENT_NAME , CITY
SP2-0734: unknown command beginning "SELECTE FI..." - rest of line ignored.
SQL> 
SQL> 
SQL> SELECT FIRST_NAME , DEPARTMENT_NAME , CITY , COUNTRY_NAME
  2  FROM EMPLOYEES
  3  JOIN DEPARTMENTS USING (DEPARTMENT_ID)
  4  JOIN LOCATIONS   USING (LOCATION_ID)
  5  JOIN COUNTRIES   USING (COUNTRY_ID);

FIRST_NAME DEPARTMENT_NAME                CITY                           COUNTRY_NAME                                                                                                                   
---------- ------------------------------ ------------------------------ ----------------------------------------                                                                                       
Steven     Executive                      Seattle                        United States of America                                                                                                       
Neena      Executive                      Seattle                        United States of America                                                                                                       
Lex        Executive                      Seattle                        United States of America                                                                                                       
Alexander  IT                             Southlake                      United States of America                                                                                                       
Bruce      IT                             Southlake                      United States of America                                                                                                       
Diana      IT                             Southlake                      United States of America                                                                                                       
Kevin      Shiping                        South San Francisco            United States of America                                                                                                       
Trenna     Shiping                        South San Francisco            United States of America                                                                                                       
Curtis     Shiping                        South San Francisco            United States of America                                                                                                       
Randall    Shiping                        South San Francisco            United States of America                                                                                                       
Peter      Shiping                        South San Francisco            United States of America                                                                                                       
Eleni      Sales                          Oxford                         United Kingdom                                                                                                                 
Ellen      Sales                          Oxford                         United Kingdom                                                                                                                 
Jonathon   Sales                          Oxford                         United Kingdom                                                                                                                 
Jennifer   Administration                 Seattle                        United States of America                                                                                                       
Michael    Marketing                      Toronto                        Canada                                                                                                                         
Pat        Marketing                      Toronto                        Canada                                                                                                                         
Shelley    Accounting                     Seattle                        United States of America                                                                                                       
William    Accounting                     Seattle                        United States of America                                                                                                       

19 rows selected.

SQL> REM FIRST_NAME , DEPARTMENT_NAME , CITY , COUNTRY_NAME , REGION_NAME
SQL> 
SQL> SELECT FIRST_NAME , DEPARTMENT_NAME , CITY , COUNTRY_NAME , REGION_NAME
  2  FROM EMPLOYEES
  3  JOIN DEPARTMENTS USING (DEPARTMENT_ID)
  4  JOIN LOCATIONS   USING (LOCATION_ID)
  5  JOIN COUNTRIES   USING (COUNTRY_ID)
  6  JOIN REGIONS     USING (REGION_ID);

FIRST_NAME DEPARTMENT_NAME                CITY                           COUNTRY_NAME                             REGION_NAME                                                                           
---------- ------------------------------ ------------------------------ ---------------------------------------- -------------------------                                                             
Steven     Executive                      Seattle                        United States of America                 Americas                                                                              
Neena      Executive                      Seattle                        United States of America                 Americas                                                                              
Lex        Executive                      Seattle                        United States of America                 Americas                                                                              
Alexander  IT                             Southlake                      United States of America                 Americas                                                                              
Bruce      IT                             Southlake                      United States of America                 Americas                                                                              
Diana      IT                             Southlake                      United States of America                 Americas                                                                              
Kevin      Shiping                        South San Francisco            United States of America                 Americas                                                                              
Trenna     Shiping                        South San Francisco            United States of America                 Americas                                                                              
Curtis     Shiping                        South San Francisco            United States of America                 Americas                                                                              
Randall    Shiping                        South San Francisco            United States of America                 Americas                                                                              
Peter      Shiping                        South San Francisco            United States of America                 Americas                                                                              
Eleni      Sales                          Oxford                         United Kingdom                           Europe                                                                                
Ellen      Sales                          Oxford                         United Kingdom                           Europe                                                                                
Jonathon   Sales                          Oxford                         United Kingdom                           Europe                                                                                
Jennifer   Administration                 Seattle                        United States of America                 Americas                                                                              
Michael    Marketing                      Toronto                        Canada                                   Americas                                                                              
Pat        Marketing                      Toronto                        Canada                                   Americas                                                                              
Shelley    Accounting                     Seattle                        United States of America                 Americas                                                                              
William    Accounting                     Seattle                        United States of America                 Americas                                                                              

19 rows selected.

SQL> SELECT * FROM JOBS;

JOB_ID     JOB_TITLE                           MIN_SALARY MAX_SALARY                                                                                                                                    
---------- ----------------------------------- ---------- ----------                                                                                                                                    
AD_PRES    President                                20000      40000                                                                                                                                    
AD_VP      Administration Vice President            15000      30000                                                                                                                                    
AD_ASST    Administration Assistant                  3000       6000                                                                                                                                    
AC_MGR     Accounting Manager                        8200      16000                                                                                                                                    
AC_ACCOUNT Public Accountant                         4200       9000                                                                                                                                    
SA_MAN     Sales Manager                            10000      20000                                                                                                                                    
SA_REP     Sales Representative                      6000      12000                                                                                                                                    
ST_MAN     Stock Manager                             5500       8500                                                                                                                                    
ST_CLERK   Stock Clerk                               2000       5000                                                                                                                                    
IT_PROG    Programmer                                4000      10000                                                                                                                                    
MK_MAN     Marketing Manager                         9000      15000                                                                                                                                    
MK_REP     Marketing Representative                  4000       9000                                                                                                                                    

12 rows selected.

SQL> REM FIRST_NAME , DEPARTMENT_NAME , CITY , COUNTRY_NAME , REGION_NAME , TOB_TITLE
SQL> 
SQL> SELECT FIRST_NAME , DEPARTMENT_NAME , CITY , COUNTRY_NAME , REGION_NAME , TOB_TITLE
  2  FROM EMPLOYEES
  3  JOIN DEPARTMENTS USING (DEPARTMENT_ID)
  4  JOIN LOCATIONS   USING (LOCATION_ID)
  5  JOIN COUNTRIES   USING (COUNTRY_ID)
  6  JOIN REGIONS     USING (REGION_ID)
  7  JOIN JOBS        USING (JOB_ID)
  8  
SQL> 
SQL> SELECT FIRST_NAME , DEPARTMENT_NAME , CITY , COUNTRY_NAME , REGION_NAME , JOB_TITLE
  2  FROM EMPLOYEES
  3  JOIN DEPARTMENTS USING (DEPARTMENT_ID)
  4  JOIN LOCATIONS   USING (LOCATION_ID)
  5  JOIN COUNTRIES   USING (COUNTRY_ID)
  6  JOIN REGIONS     USING (REGION_ID)
  7  JOIN JOBS        USING (JOB_ID);

FIRST_NAME DEPARTMENT_NAME                CITY                           COUNTRY_NAME                             REGION_NAME               JOB_TITLE                                                   
---------- ------------------------------ ------------------------------ ---------------------------------------- ------------------------- -----------------------------------                         
Eleni      Sales                          Oxford                         United Kingdom                           Europe                    Sales Manager                                               
Ellen      Sales                          Oxford                         United Kingdom                           Europe                    Sales Representative                                        
Jonathon   Sales                          Oxford                         United Kingdom                           Europe                    Sales Representative                                        
Michael    Marketing                      Toronto                        Canada                                   Americas                  Marketing Manager                                           
Pat        Marketing                      Toronto                        Canada                                   Americas                  Marketing Representative                                    
Alexander  IT                             Southlake                      United States of America                 Americas                  Programmer                                                  
Bruce      IT                             Southlake                      United States of America                 Americas                  Programmer                                                  
Diana      IT                             Southlake                      United States of America                 Americas                  Programmer                                                  
Randall    Shiping                        South San Francisco            United States of America                 Americas                  Stock Clerk                                                 
Curtis     Shiping                        South San Francisco            United States of America                 Americas                  Stock Clerk                                                 
Trenna     Shiping                        South San Francisco            United States of America                 Americas                  Stock Clerk                                                 
Peter      Shiping                        South San Francisco            United States of America                 Americas                  Stock Clerk                                                 
Kevin      Shiping                        South San Francisco            United States of America                 Americas                  Stock Manager                                               
Jennifer   Administration                 Seattle                        United States of America                 Americas                  Administration Assistant                                    
Steven     Executive                      Seattle                        United States of America                 Americas                  President                                                   
Lex        Executive                      Seattle                        United States of America                 Americas                  Administration Vice President                               
Neena      Executive                      Seattle                        United States of America                 Americas                  Administration Vice President                               
William    Accounting                     Seattle                        United States of America                 Americas                  Public Accountant                                           
Shelley    Accounting                     Seattle                        United States of America                 Americas                  Accounting Manager                                          

19 rows selected.

SQL> SELECT * FROM JOB_GRADES;

GRA LOWEST_SAL HIGHEST_SAL                                                                                                                                                                              
--- ---------- -----------                                                                                                                                                                              
A         1000        2999                                                                                                                                                                              
B         3000        5999                                                                                                                                                                              
C         6000        9999                                                                                                                                                                              
D        10000       14999                                                                                                                                                                              
E        15000       24999                                                                                                                                                                              
F        25000       40000                                                                                                                                                                              

6 rows selected.

SQL> REM FIRST_NAME , DEPARTMENT_NAME
SQL> 
SQL> SELECT FIRST_NAME , DEPARTMENT_NAME
  2  FROM EMPLOYEES E
  3  JOIN DEPARTMENTS D ON E.DEPARTMENT_ID = D.DEPARTMENT_ID;

FIRST_NAME DEPARTMENT_NAME                                                                                                                                                                              
---------- ------------------------------                                                                                                                                                               
Steven     Executive                                                                                                                                                                                    
Neena      Executive                                                                                                                                                                                    
Lex        Executive                                                                                                                                                                                    
Alexander  IT                                                                                                                                                                                           
Bruce      IT                                                                                                                                                                                           
Diana      IT                                                                                                                                                                                           
Kevin      Shiping                                                                                                                                                                                      
Trenna     Shiping                                                                                                                                                                                      
Curtis     Shiping                                                                                                                                                                                      
Randall    Shiping                                                                                                                                                                                      
Peter      Shiping                                                                                                                                                                                      
Eleni      Sales                                                                                                                                                                                        
Ellen      Sales                                                                                                                                                                                        
Jonathon   Sales                                                                                                                                                                                        
Jennifer   Administration                                                                                                                                                                               
Michael    Marketing                                                                                                                                                                                    
Pat        Marketing                                                                                                                                                                                    
Shelley    Accounting                                                                                                                                                                                   
William    Accounting                                                                                                                                                                                   

19 rows selected.

SQL> REM FIRST_NAME , DEPARTMENT_NAME , CITY
SQL> 
SQL> SELECT FIRST_NAME , DEPARTMENT_NAME
  2  FROM EMPLOYEES E
  3  JOIN DEPARTMENTS D ON E.DEPARTMENT_ID = D.DEPARTMENT_ID
  4  JOIN LOCATIONS   L ON D.LOCATION_ID   = L.LOCATION_ID
  5  
SQL> 
SQL> SELECT FIRST_NAME , DEPARTMENT_NAME , CITY
  2  FROM EMPLOYEES E
  3  JOIN DEPARTMENTS D ON E.DEPARTMENT_ID = D.DEPARTMENT_ID
  4  JOIN LOCATIONS   L ON D.LOCATION_ID   = L.LOCATION_ID;

FIRST_NAME DEPARTMENT_NAME                CITY                                                                                                                                                          
---------- ------------------------------ ------------------------------                                                                                                                                
Steven     Executive                      Seattle                                                                                                                                                       
Neena      Executive                      Seattle                                                                                                                                                       
Lex        Executive                      Seattle                                                                                                                                                       
Alexander  IT                             Southlake                                                                                                                                                     
Bruce      IT                             Southlake                                                                                                                                                     
Diana      IT                             Southlake                                                                                                                                                     
Kevin      Shiping                        South San Francisco                                                                                                                                           
Trenna     Shiping                        South San Francisco                                                                                                                                           
Curtis     Shiping                        South San Francisco                                                                                                                                           
Randall    Shiping                        South San Francisco                                                                                                                                           
Peter      Shiping                        South San Francisco                                                                                                                                           
Eleni      Sales                          Oxford                                                                                                                                                        
Ellen      Sales                          Oxford                                                                                                                                                        
Jonathon   Sales                          Oxford                                                                                                                                                        
Jennifer   Administration                 Seattle                                                                                                                                                       
Michael    Marketing                      Toronto                                                                                                                                                       
Pat        Marketing                      Toronto                                                                                                                                                       
Shelley    Accounting                     Seattle                                                                                                                                                       
William    Accounting                     Seattle                                                                                                                                                       

19 rows selected.

SQL> REM FIRST_NAME , DEPARTMENT_NAME , CITY , COUNTRY_NAME
SQL> 
SQL> 
SQL> SELECT FIRST_NAME , DEPARTMENT_NAME , CITY , COUNTRY_NAME
  2  FROM EMPLOYEES E
  3  JOIN DEPARTMENTS D ON E.DEPARTMENT_ID = D.DEPARTMENT_ID
  4  JOIN LOCATIONS   L ON D.LOCATION_ID   = L.LOCATION_ID
  5  JOIN COUNTRIES   C ON L.COUNTRY_ID    = C.COUNTRY_ID;

FIRST_NAME DEPARTMENT_NAME                CITY                           COUNTRY_NAME                                                                                                                   
---------- ------------------------------ ------------------------------ ----------------------------------------                                                                                       
Steven     Executive                      Seattle                        United States of America                                                                                                       
Neena      Executive                      Seattle                        United States of America                                                                                                       
Lex        Executive                      Seattle                        United States of America                                                                                                       
Alexander  IT                             Southlake                      United States of America                                                                                                       
Bruce      IT                             Southlake                      United States of America                                                                                                       
Diana      IT                             Southlake                      United States of America                                                                                                       
Kevin      Shiping                        South San Francisco            United States of America                                                                                                       
Trenna     Shiping                        South San Francisco            United States of America                                                                                                       
Curtis     Shiping                        South San Francisco            United States of America                                                                                                       
Randall    Shiping                        South San Francisco            United States of America                                                                                                       
Peter      Shiping                        South San Francisco            United States of America                                                                                                       
Eleni      Sales                          Oxford                         United Kingdom                                                                                                                 
Ellen      Sales                          Oxford                         United Kingdom                                                                                                                 
Jonathon   Sales                          Oxford                         United Kingdom                                                                                                                 
Jennifer   Administration                 Seattle                        United States of America                                                                                                       
Michael    Marketing                      Toronto                        Canada                                                                                                                         
Pat        Marketing                      Toronto                        Canada                                                                                                                         
Shelley    Accounting                     Seattle                        United States of America                                                                                                       
William    Accounting                     Seattle                        United States of America                                                                                                       

19 rows selected.

SQL> REM FIRST_NAME , DEPARTMENT_NAME , CITY , COUNTRY_NAME , REGION_NAME
SQL> 
SQL> SELECT FIRST_NAME , DEPARTMENT_NAME , CITY , COUNTRY_NAME , REGION_NAME
  2  FROM EMPLOYEES E
  3  JOIN DEPARTMENTS D ON E.DEPARTMENT_ID = D.DEPARTMENT_ID
  4  JOIN LOCATIONS   L ON D.LOCATION_ID   = L.LOCATION_ID
  5  JOIN COUNTRIES   C ON L.COUNTRY_ID    = C.COUNTRY_ID
  6  JOIN REGIONS     R ON C.REGION_ID     = R.REGION_ID;

FIRST_NAME DEPARTMENT_NAME                CITY                           COUNTRY_NAME                             REGION_NAME                                                                           
---------- ------------------------------ ------------------------------ ---------------------------------------- -------------------------                                                             
Steven     Executive                      Seattle                        United States of America                 Americas                                                                              
Neena      Executive                      Seattle                        United States of America                 Americas                                                                              
Lex        Executive                      Seattle                        United States of America                 Americas                                                                              
Alexander  IT                             Southlake                      United States of America                 Americas                                                                              
Bruce      IT                             Southlake                      United States of America                 Americas                                                                              
Diana      IT                             Southlake                      United States of America                 Americas                                                                              
Kevin      Shiping                        South San Francisco            United States of America                 Americas                                                                              
Trenna     Shiping                        South San Francisco            United States of America                 Americas                                                                              
Curtis     Shiping                        South San Francisco            United States of America                 Americas                                                                              
Randall    Shiping                        South San Francisco            United States of America                 Americas                                                                              
Peter      Shiping                        South San Francisco            United States of America                 Americas                                                                              
Eleni      Sales                          Oxford                         United Kingdom                           Europe                                                                                
Ellen      Sales                          Oxford                         United Kingdom                           Europe                                                                                
Jonathon   Sales                          Oxford                         United Kingdom                           Europe                                                                                
Jennifer   Administration                 Seattle                        United States of America                 Americas                                                                              
Michael    Marketing                      Toronto                        Canada                                   Americas                                                                              
Pat        Marketing                      Toronto                        Canada                                   Americas                                                                              
Shelley    Accounting                     Seattle                        United States of America                 Americas                                                                              
William    Accounting                     Seattle                        United States of America                 Americas                                                                              

19 rows selected.

SQL> REM FIRST_NAME , DEPARTMENT_NAME , CITY , COUNTRY_NAME , REGION_NAME , JOB_TITLE
SQL> 
SQL> SELECT * FROM REGIONS;

 REGION_ID REGION_NAME                                                                                                                                                                                  
---------- -------------------------                                                                                                                                                                    
         1 Europe                                                                                                                                                                                       
         2 Americas                                                                                                                                                                                     
         3 Asia                                                                                                                                                                                         
         4 Middle East and Africa                                                                                                                                                                       
         5 ANTA                                                                                                                                                                                         
         6 AUST                                                                                                                                                                                         

6 rows selected.

SQL> SELECT * FROM JOBS;

JOB_ID     JOB_TITLE                           MIN_SALARY MAX_SALARY                                                                                                                                    
---------- ----------------------------------- ---------- ----------                                                                                                                                    
AD_PRES    President                                20000      40000                                                                                                                                    
AD_VP      Administration Vice President            15000      30000                                                                                                                                    
AD_ASST    Administration Assistant                  3000       6000                                                                                                                                    
AC_MGR     Accounting Manager                        8200      16000                                                                                                                                    
AC_ACCOUNT Public Accountant                         4200       9000                                                                                                                                    
SA_MAN     Sales Manager                            10000      20000                                                                                                                                    
SA_REP     Sales Representative                      6000      12000                                                                                                                                    
ST_MAN     Stock Manager                             5500       8500                                                                                                                                    
ST_CLERK   Stock Clerk                               2000       5000                                                                                                                                    
IT_PROG    Programmer                                4000      10000                                                                                                                                    
MK_MAN     Marketing Manager                         9000      15000                                                                                                                                    
MK_REP     Marketing Representative                  4000       9000                                                                                                                                    

12 rows selected.

SQL> SELECT FIRST_NAME , DEPARTMENT_NAME , CITY , COUNTRY_NAME , REGION_NAME , JOB_TITLE
  2  FROM EMPLOYEES E
  3  JOIN DEPARTMENTS D ON E.DEPARTMENT_ID = D.DEPARTMENT_ID
  4  JOIN LOCATIONS   L ON D.LOCATION_ID   = L.LOCATION_ID
  5  JOIN COUNTRIES   C ON L.COUNTRY_ID    = C.COUNTRY_ID
  6  JOIN REGIONS     R ON C.REGION_ID     = R.REGION_ID
  7  JOIN JOBS        J ON E.JOB_ID        = J.JOB_ID;

FIRST_NAME DEPARTMENT_NAME                CITY                           COUNTRY_NAME                             REGION_NAME               JOB_TITLE                                                   
---------- ------------------------------ ------------------------------ ---------------------------------------- ------------------------- -----------------------------------                         
Eleni      Sales                          Oxford                         United Kingdom                           Europe                    Sales Manager                                               
Ellen      Sales                          Oxford                         United Kingdom                           Europe                    Sales Representative                                        
Jonathon   Sales                          Oxford                         United Kingdom                           Europe                    Sales Representative                                        
Michael    Marketing                      Toronto                        Canada                                   Americas                  Marketing Manager                                           
Pat        Marketing                      Toronto                        Canada                                   Americas                  Marketing Representative                                    
Alexander  IT                             Southlake                      United States of America                 Americas                  Programmer                                                  
Bruce      IT                             Southlake                      United States of America                 Americas                  Programmer                                                  
Diana      IT                             Southlake                      United States of America                 Americas                  Programmer                                                  
Randall    Shiping                        South San Francisco            United States of America                 Americas                  Stock Clerk                                                 
Curtis     Shiping                        South San Francisco            United States of America                 Americas                  Stock Clerk                                                 
Trenna     Shiping                        South San Francisco            United States of America                 Americas                  Stock Clerk                                                 
Peter      Shiping                        South San Francisco            United States of America                 Americas                  Stock Clerk                                                 
Kevin      Shiping                        South San Francisco            United States of America                 Americas                  Stock Manager                                               
Jennifer   Administration                 Seattle                        United States of America                 Americas                  Administration Assistant                                    
Steven     Executive                      Seattle                        United States of America                 Americas                  President                                                   
Lex        Executive                      Seattle                        United States of America                 Americas                  Administration Vice President                               
Neena      Executive                      Seattle                        United States of America                 Americas                  Administration Vice President                               
William    Accounting                     Seattle                        United States of America                 Americas                  Public Accountant                                           
Shelley    Accounting                     Seattle                        United States of America                 Americas                  Accounting Manager                                          

19 rows selected.

SQL> SELECT FIRST_NAME , DEPARTMENT_NAME , CITY , COUNTRY_NAME , REGION_NAME , JOB_TITLE
  2  FROM EMPLOYEES E
  3  JOIN JOBS        J ON E.JOB_ID        = J.JOB_ID
  4  JOIN DEPARTMENTS D ON E.DEPARTMENT_ID = D.DEPARTMENT_ID
  5  JOIN LOCATIONS   L ON D.LOCATION_ID   = L.LOCATION_ID
  6  JOIN COUNTRIES   C ON L.COUNTRY_ID    = C.COUNTRY_ID
  7  JOIN REGIONS     R ON C.REGION_ID     = R.REGION_ID;

FIRST_NAME DEPARTMENT_NAME                CITY                           COUNTRY_NAME                             REGION_NAME               JOB_TITLE                                                   
---------- ------------------------------ ------------------------------ ---------------------------------------- ------------------------- -----------------------------------                         
Steven     Executive                      Seattle                        United States of America                 Americas                  President                                                   
Neena      Executive                      Seattle                        United States of America                 Americas                  Administration Vice President                               
Lex        Executive                      Seattle                        United States of America                 Americas                  Administration Vice President                               
Jennifer   Administration                 Seattle                        United States of America                 Americas                  Administration Assistant                                    
Shelley    Accounting                     Seattle                        United States of America                 Americas                  Accounting Manager                                          
William    Accounting                     Seattle                        United States of America                 Americas                  Public Accountant                                           
Eleni      Sales                          Oxford                         United Kingdom                           Europe                    Sales Manager                                               
Ellen      Sales                          Oxford                         United Kingdom                           Europe                    Sales Representative                                        
Jonathon   Sales                          Oxford                         United Kingdom                           Europe                    Sales Representative                                        
Kevin      Shiping                        South San Francisco            United States of America                 Americas                  Stock Manager                                               
Trenna     Shiping                        South San Francisco            United States of America                 Americas                  Stock Clerk                                                 
Curtis     Shiping                        South San Francisco            United States of America                 Americas                  Stock Clerk                                                 
Randall    Shiping                        South San Francisco            United States of America                 Americas                  Stock Clerk                                                 
Peter      Shiping                        South San Francisco            United States of America                 Americas                  Stock Clerk                                                 
Alexander  IT                             Southlake                      United States of America                 Americas                  Programmer                                                  
Bruce      IT                             Southlake                      United States of America                 Americas                  Programmer                                                  
Diana      IT                             Southlake                      United States of America                 Americas                  Programmer                                                  
Michael    Marketing                      Toronto                        Canada                                   Americas                  Marketing Manager                                           
Pat        Marketing                      Toronto                        Canada                                   Americas                  Marketing Representative                                    

19 rows selected.

SQL> SELECT * FROM JOB_GRADES;

GRA LOWEST_SAL HIGHEST_SAL                                                                                                                                                                              
--- ---------- -----------                                                                                                                                                                              
A         1000        2999                                                                                                                                                                              
B         3000        5999                                                                                                                                                                              
C         6000        9999                                                                                                                                                                              
D        10000       14999                                                                                                                                                                              
E        15000       24999                                                                                                                                                                              
F        25000       40000                                                                                                                                                                              

6 rows selected.

SQL> REM FIRST_NAME , DEPARTMENT_NAME , CITY , COUNTRY_NAME , REGION_NAME , JOB_TITLE , SALARY , GRADE_LEVEL
SQL> 
SQL> SELECT FIRST_NAME , DEPARTMENT_NAME , CITY , COUNTRY_NAME , REGION_NAME , JOB_TITLE
  2  FROM EMPLOYEES E
  3  JOIN JOBS        J ON E.JOB_ID        = J.JOB_ID
  4  JOIN DEPARTMENTS D ON E.DEPARTMENT_ID = D.DEPARTMENT_ID
  5  JOIN LOCATIONS   L ON D.LOCATION_ID   = L.LOCATION_ID
  6  JOIN COUNTRIES   C ON L.COUNTRY_ID    = C.COUNTRY_ID
  7  JOIN REGIONS     R ON C.REGION_ID     = R.REGION_ID
  8  JOIN JOB_GRADES JG ON E.SALARY BETWEEN JG.LOWEST_SAL AND JG.HIGHEST_SAL;

FIRST_NAME DEPARTMENT_NAME                CITY                           COUNTRY_NAME                             REGION_NAME               JOB_TITLE                                                   
---------- ------------------------------ ------------------------------ ---------------------------------------- ------------------------- -----------------------------------                         
Steven     Executive                      Seattle                        United States of America                 Americas                  President                                                   
Neena      Executive                      Seattle                        United States of America                 Americas                  Administration Vice President                               
Lex        Executive                      Seattle                        United States of America                 Americas                  Administration Vice President                               
Michael    Marketing                      Toronto                        Canada                                   Americas                  Marketing Manager                                           
Shelley    Accounting                     Seattle                        United States of America                 Americas                  Accounting Manager                                          
Ellen      Sales                          Oxford                         United Kingdom                           Europe                    Sales Representative                                        
Eleni      Sales                          Oxford                         United Kingdom                           Europe                    Sales Manager                                               
Alexander  IT                             Southlake                      United States of America                 Americas                  Programmer                                                  
Jonathon   Sales                          Oxford                         United Kingdom                           Europe                    Sales Representative                                        
William    Accounting                     Seattle                        United States of America                 Americas                  Public Accountant                                           
Pat        Marketing                      Toronto                        Canada                                   Americas                  Marketing Representative                                    
Bruce      IT                             Southlake                      United States of America                 Americas                  Programmer                                                  
Kevin      Shiping                        South San Francisco            United States of America                 Americas                  Stock Manager                                               
Jennifer   Administration                 Seattle                        United States of America                 Americas                  Administration Assistant                                    
Diana      IT                             Southlake                      United States of America                 Americas                  Programmer                                                  
Trenna     Shiping                        South San Francisco            United States of America                 Americas                  Stock Clerk                                                 
Curtis     Shiping                        South San Francisco            United States of America                 Americas                  Stock Clerk                                                 
Randall    Shiping                        South San Francisco            United States of America                 Americas                  Stock Clerk                                                 
Peter      Shiping                        South San Francisco            United States of America                 Americas                  Stock Clerk                                                 

19 rows selected.

SQL> SELECT FIRST_NAME , DEPARTMENT_NAME , CITY , COUNTRY_NAME , REGION_NAME , JOB_TITLE , SALARY , GRADE_LEVEL
  2  FROM EMPLOYEES E
  3  JOIN JOBS        J ON E.JOB_ID        = J.JOB_ID
  4  JOIN DEPARTMENTS D ON E.DEPARTMENT_ID = D.DEPARTMENT_ID
  5  JOIN LOCATIONS   L ON D.LOCATION_ID   = L.LOCATION_ID
  6  JOIN COUNTRIES   C ON L.COUNTRY_ID    = C.COUNTRY_ID
  7  JOIN REGIONS     R ON C.REGION_ID     = R.REGION_ID
  8  JOIN JOB_GRADES JG ON E.SALARY BETWEEN JG.LOWEST_SAL AND JG.HIGHEST_SAL;

FIRST_NAME DEPARTMENT_NAME                CITY                           COUNTRY_NAME                             REGION_NAME               JOB_TITLE                               SALARY GRA          
---------- ------------------------------ ------------------------------ ---------------------------------------- ------------------------- ----------------------------------- ---------- ---          
Steven     Executive                      Seattle                        United States of America                 Americas                  President                                24000 E            
Neena      Executive                      Seattle                        United States of America                 Americas                  Administration Vice President            17000 E            
Lex        Executive                      Seattle                        United States of America                 Americas                  Administration Vice President            17000 E            
Michael    Marketing                      Toronto                        Canada                                   Americas                  Marketing Manager                        13000 D            
Shelley    Accounting                     Seattle                        United States of America                 Americas                  Accounting Manager                       12000 D            
Ellen      Sales                          Oxford                         United Kingdom                           Europe                    Sales Representative                     11000 D            
Eleni      Sales                          Oxford                         United Kingdom                           Europe                    Sales Manager                            10500 D            
Alexander  IT                             Southlake                      United States of America                 Americas                  Programmer                                9000 C            
Jonathon   Sales                          Oxford                         United Kingdom                           Europe                    Sales Representative                      8600 C            
William    Accounting                     Seattle                        United States of America                 Americas                  Public Accountant                         8300 C            
Pat        Marketing                      Toronto                        Canada                                   Americas                  Marketing Representative                  6000 C            
Bruce      IT                             Southlake                      United States of America                 Americas                  Programmer                                6000 C            
Kevin      Shiping                        South San Francisco            United States of America                 Americas                  Stock Manager                             5800 B            
Jennifer   Administration                 Seattle                        United States of America                 Americas                  Administration Assistant                  4400 B            
Diana      IT                             Southlake                      United States of America                 Americas                  Programmer                                4200 B            
Trenna     Shiping                        South San Francisco            United States of America                 Americas                  Stock Clerk                               3500 B            
Curtis     Shiping                        South San Francisco            United States of America                 Americas                  Stock Clerk                               3100 B            
Randall    Shiping                        South San Francisco            United States of America                 Americas                  Stock Clerk                               2600 A            
Peter      Shiping                        South San Francisco            United States of America                 Americas                  Stock Clerk                               2500 A            

19 rows selected.

SQL> SELECT * FROM JOB_GRADES;

GRA LOWEST_SAL HIGHEST_SAL                                                                                                                                                                              
--- ---------- -----------                                                                                                                                                                              
A         1000        2999                                                                                                                                                                              
B         3000        5999                                                                                                                                                                              
C         6000        9999                                                                                                                                                                              
D        10000       14999                                                                                                                                                                              
E        15000       24999                                                                                                                                                                              
F        25000       40000                                                                                                                                                                              

6 rows selected.

SQL> REM SYNTAX 1 OF OUTER JOIN : FROM TABLE1 LEFT/RIGHT/FULL OUTER JOIN TABLE2 USING (COMMON COLUMN LIST)
SQL> 
SQL> REM SYNTAX 2 OF OUTER JOIN : FROM TABLE1 LEFT/RIGHT/FULL OUTER JOIN TABLE2 ON JOIN CONDITION
SQL> 
SQL> SELECT * FROM EMPLOYEES;

EMPLOYEE_ID FIRST_NAME LAST_NAME  EMAIL      PHONE_NUMBER         HIRE_DATE JOB_ID         SALARY COMMISSION_PCT MANAGER_ID DEPARTMENT_ID                                                               
----------- ---------- ---------- ---------- -------------------- --------- ---------- ---------- -------------- ---------- -------------                                                               
        100 Steven     King       SKING      515.123.4567         17-JUL-87 AD_PRES         24000                                      90                                                               
        101 Neena      Kochhar    NKOCHHAR   515.123.4568         21-SEP-89 AD_VP           17000                       100            90                                                               
        102 Lex        De Haan    LDEHAAN    515.123.4569         13-JAN-93 AD_VP           17000                       100            90                                                               
        103 Alexander  Hunold     AHUNOLD    590.423.4567         03-JAN-90 IT_PROG          9000                       102            60                                                               
        104 Bruce      Ernst      BERNST     590.423.4568         21-MAY-91 IT_PROG          6000                       103            60                                                               
        107 Diana      Lorentz    DLORENTZ   590.423.5567         07-FEB-99 IT_PROG          4200                       103            60                                                               
        124 Kevin      Mourgos    KMOURGOS   650.123.5234         16-NOV-99 ST_MAN           5800                       100            50                                                               
        141 Trenna     Rajs       TRAJS      650.121.8009         17-OCT-95 ST_CLERK         3500                       124            50                                                               
        142 Curtis     Davies     CDAVIES    650.121.2994         29-JAN-97 ST_CLERK         3100                       124            50                                                               
        143 Randall    Matos      RMATOS     650.121.2874         15-MAR-98 ST_CLERK         2600                       124            50                                                               
        144 Peter      Vargas     PVARGAS    650.121.2004         09-JUL-98 ST_CLERK         2500                       124            50                                                               
        149 Eleni      Zlotkey    EZLOTKEY   011.44.1344.429018   29-JAN-00 SA_MAN          10500             .2        100            80                                                               
        174 Ellen      Abel       EABEL      011.44.1644.429267   11-MAY-96 SA_REP          11000             .3        149            80                                                               
        176 Jonathon   Taylor     JTAYLOR    011.44.1644.429265   24-MAR-98 SA_REP           8600             .3        149            80                                                               
        178 Kimerely   Grant      KGRANT     011.44.1644.429263   24-MAY-99 SA_REP           7000            .15        149                                                                             
        200 Jennifer   Whalen     JWAHLEN    515.123.4444         17-SEP-87 AD_ASST          4400                       101            10                                                               
        201 Michael    Hartstein  MHARTSTE   515.123.5555         17-FEB-96 MK_MAN          13000                       100            20                                                               
        202 Pat        Fay        PFAY       603.123.6666         17-AUG-97 MK_REP           6000                       201            20                                                               
        205 Shelley    Higgins    SHIGGINS   515.123.8080         07-JUN-94 AC_MGR          12000                       101           110                                                               
        206 William    Gietz      WGIETZ     515.123.8181         07-JUN-94 AC_ACCOUNT       8300                       205           110                                                               

20 rows selected.

SQL> SELECT * FROM DEPARTMENTS;

DEPARTMENT_ID DEPARTMENT_NAME                MANAGER_ID LOCATION_ID                                                                                                                                     
------------- ------------------------------ ---------- -----------                                                                                                                                     
           10 Administration                        200        1700                                                                                                                                     
           20 Marketing                             201        1800                                                                                                                                     
           50 Shiping                               124        1500                                                                                                                                     
           60 IT                                    103        1400                                                                                                                                     
           80 Sales                                 149        2500                                                                                                                                     
           90 Executive                             100        1700                                                                                                                                     
          110 Accounting                            205        1700                                                                                                                                     
          190 Contracting                                      1700                                                                                                                                     
          200 PUR                                   110        1500                                                                                                                                     
          210 HR                                    111        1600                                                                                                                                     

10 rows selected.

SQL> DELETE DEPARTMENTS WHERE DEPARTMENT_ID IN (200,210);

2 rows deleted.

SQL> COMMIT;

Commit complete.

SQL> SELECT * FROM EMPLOYEES;

EMPLOYEE_ID FIRST_NAME LAST_NAME  EMAIL      PHONE_NUMBER         HIRE_DATE JOB_ID         SALARY COMMISSION_PCT MANAGER_ID DEPARTMENT_ID                                                               
----------- ---------- ---------- ---------- -------------------- --------- ---------- ---------- -------------- ---------- -------------                                                               
        100 Steven     King       SKING      515.123.4567         17-JUL-87 AD_PRES         24000                                      90                                                               
        101 Neena      Kochhar    NKOCHHAR   515.123.4568         21-SEP-89 AD_VP           17000                       100            90                                                               
        102 Lex        De Haan    LDEHAAN    515.123.4569         13-JAN-93 AD_VP           17000                       100            90                                                               
        103 Alexander  Hunold     AHUNOLD    590.423.4567         03-JAN-90 IT_PROG          9000                       102            60                                                               
        104 Bruce      Ernst      BERNST     590.423.4568         21-MAY-91 IT_PROG          6000                       103            60                                                               
        107 Diana      Lorentz    DLORENTZ   590.423.5567         07-FEB-99 IT_PROG          4200                       103            60                                                               
        124 Kevin      Mourgos    KMOURGOS   650.123.5234         16-NOV-99 ST_MAN           5800                       100            50                                                               
        141 Trenna     Rajs       TRAJS      650.121.8009         17-OCT-95 ST_CLERK         3500                       124            50                                                               
        142 Curtis     Davies     CDAVIES    650.121.2994         29-JAN-97 ST_CLERK         3100                       124            50                                                               
        143 Randall    Matos      RMATOS     650.121.2874         15-MAR-98 ST_CLERK         2600                       124            50                                                               
        144 Peter      Vargas     PVARGAS    650.121.2004         09-JUL-98 ST_CLERK         2500                       124            50                                                               
        149 Eleni      Zlotkey    EZLOTKEY   011.44.1344.429018   29-JAN-00 SA_MAN          10500             .2        100            80                                                               
        174 Ellen      Abel       EABEL      011.44.1644.429267   11-MAY-96 SA_REP          11000             .3        149            80                                                               
        176 Jonathon   Taylor     JTAYLOR    011.44.1644.429265   24-MAR-98 SA_REP           8600             .3        149            80                                                               
        178 Kimerely   Grant      KGRANT     011.44.1644.429263   24-MAY-99 SA_REP           7000            .15        149                                                                             
        200 Jennifer   Whalen     JWAHLEN    515.123.4444         17-SEP-87 AD_ASST          4400                       101            10                                                               
        201 Michael    Hartstein  MHARTSTE   515.123.5555         17-FEB-96 MK_MAN          13000                       100            20                                                               
        202 Pat        Fay        PFAY       603.123.6666         17-AUG-97 MK_REP           6000                       201            20                                                               
        205 Shelley    Higgins    SHIGGINS   515.123.8080         07-JUN-94 AC_MGR          12000                       101           110                                                               
        206 William    Gietz      WGIETZ     515.123.8181         07-JUN-94 AC_ACCOUNT       8300                       205           110                                                               

20 rows selected.

SQL> SELECT * FROM DEPARTMENTS;

DEPARTMENT_ID DEPARTMENT_NAME                MANAGER_ID LOCATION_ID                                                                                                                                     
------------- ------------------------------ ---------- -----------                                                                                                                                     
           10 Administration                        200        1700                                                                                                                                     
           20 Marketing                             201        1800                                                                                                                                     
           50 Shiping                               124        1500                                                                                                                                     
           60 IT                                    103        1400                                                                                                                                     
           80 Sales                                 149        2500                                                                                                                                     
           90 Executive                             100        1700                                                                                                                                     
          110 Accounting                            205        1700                                                                                                                                     
          190 Contracting                                      1700                                                                                                                                     

8 rows selected.

SQL> SELECT FIRST_NAME , DEPARTMENT_NAME
  2  FROM EMPLOYEES
  3  JOIN DEPARTMENTS USING (DEPARTMENT_ID);

FIRST_NAME DEPARTMENT_NAME                                                                                                                                                                              
---------- ------------------------------                                                                                                                                                               
Steven     Executive                                                                                                                                                                                    
Neena      Executive                                                                                                                                                                                    
Lex        Executive                                                                                                                                                                                    
Alexander  IT                                                                                                                                                                                           
Bruce      IT                                                                                                                                                                                           
Diana      IT                                                                                                                                                                                           
Kevin      Shiping                                                                                                                                                                                      
Trenna     Shiping                                                                                                                                                                                      
Curtis     Shiping                                                                                                                                                                                      
Randall    Shiping                                                                                                                                                                                      
Peter      Shiping                                                                                                                                                                                      
Eleni      Sales                                                                                                                                                                                        
Ellen      Sales                                                                                                                                                                                        
Jonathon   Sales                                                                                                                                                                                        
Jennifer   Administration                                                                                                                                                                               
Michael    Marketing                                                                                                                                                                                    
Pat        Marketing                                                                                                                                                                                    
Shelley    Accounting                                                                                                                                                                                   
William    Accounting                                                                                                                                                                                   

19 rows selected.

SQL> SELECT FIRST_NAME , DEPARTMENT_NAME
  2  FROM EMPLOYEES JOIN DEPARTMENTS USING (DEPARTMENT_ID);

FIRST_NAME DEPARTMENT_NAME                                                                                                                                                                              
---------- ------------------------------                                                                                                                                                               
Steven     Executive                                                                                                                                                                                    
Neena      Executive                                                                                                                                                                                    
Lex        Executive                                                                                                                                                                                    
Alexander  IT                                                                                                                                                                                           
Bruce      IT                                                                                                                                                                                           
Diana      IT                                                                                                                                                                                           
Kevin      Shiping                                                                                                                                                                                      
Trenna     Shiping                                                                                                                                                                                      
Curtis     Shiping                                                                                                                                                                                      
Randall    Shiping                                                                                                                                                                                      
Peter      Shiping                                                                                                                                                                                      
Eleni      Sales                                                                                                                                                                                        
Ellen      Sales                                                                                                                                                                                        
Jonathon   Sales                                                                                                                                                                                        
Jennifer   Administration                                                                                                                                                                               
Michael    Marketing                                                                                                                                                                                    
Pat        Marketing                                                                                                                                                                                    
Shelley    Accounting                                                                                                                                                                                   
William    Accounting                                                                                                                                                                                   

19 rows selected.

SQL> SELECT FIRST_NAME , DEPARTMENT_NAME
  2  FROM EMPLOYEES LEFT OUTER JOIN DEPARTMENTS USING (DEPARTMENT_ID);

FIRST_NAME DEPARTMENT_NAME                                                                                                                                                                              
---------- ------------------------------                                                                                                                                                               
Jennifer   Administration                                                                                                                                                                               
Michael    Marketing                                                                                                                                                                                    
Pat        Marketing                                                                                                                                                                                    
Kevin      Shiping                                                                                                                                                                                      
Trenna     Shiping                                                                                                                                                                                      
Curtis     Shiping                                                                                                                                                                                      
Randall    Shiping                                                                                                                                                                                      
Peter      Shiping                                                                                                                                                                                      
Alexander  IT                                                                                                                                                                                           
Bruce      IT                                                                                                                                                                                           
Diana      IT                                                                                                                                                                                           
Eleni      Sales                                                                                                                                                                                        
Ellen      Sales                                                                                                                                                                                        
Jonathon   Sales                                                                                                                                                                                        
Steven     Executive                                                                                                                                                                                    
Neena      Executive                                                                                                                                                                                    
Lex        Executive                                                                                                                                                                                    
Shelley    Accounting                                                                                                                                                                                   
William    Accounting                                                                                                                                                                                   
Kimerely                                                                                                                                                                                                

20 rows selected.

SQL> SELECT FIRST_NAME , DEPARTMENT_NAME
  2  FROM EMPLOYEES LEFT JOIN DEPARTMENTS USING (DEPARTMENT_ID);

FIRST_NAME DEPARTMENT_NAME                                                                                                                                                                              
---------- ------------------------------                                                                                                                                                               
Jennifer   Administration                                                                                                                                                                               
Michael    Marketing                                                                                                                                                                                    
Pat        Marketing                                                                                                                                                                                    
Kevin      Shiping                                                                                                                                                                                      
Trenna     Shiping                                                                                                                                                                                      
Curtis     Shiping                                                                                                                                                                                      
Randall    Shiping                                                                                                                                                                                      
Peter      Shiping                                                                                                                                                                                      
Alexander  IT                                                                                                                                                                                           
Bruce      IT                                                                                                                                                                                           
Diana      IT                                                                                                                                                                                           
Eleni      Sales                                                                                                                                                                                        
Ellen      Sales                                                                                                                                                                                        
Jonathon   Sales                                                                                                                                                                                        
Steven     Executive                                                                                                                                                                                    
Neena      Executive                                                                                                                                                                                    
Lex        Executive                                                                                                                                                                                    
Shelley    Accounting                                                                                                                                                                                   
William    Accounting                                                                                                                                                                                   
Kimerely                                                                                                                                                                                                

20 rows selected.

SQL> SELECT FIRST_NAME , DEPARTMENT_NAME
  2  FROM EMPLOYEES RIGHT JOIN DEPARTMENTS USING (DEPARTMENT_ID);

FIRST_NAME DEPARTMENT_NAME                                                                                                                                                                              
---------- ------------------------------                                                                                                                                                               
Steven     Executive                                                                                                                                                                                    
Neena      Executive                                                                                                                                                                                    
Lex        Executive                                                                                                                                                                                    
Alexander  IT                                                                                                                                                                                           
Bruce      IT                                                                                                                                                                                           
Diana      IT                                                                                                                                                                                           
Kevin      Shiping                                                                                                                                                                                      
Trenna     Shiping                                                                                                                                                                                      
Curtis     Shiping                                                                                                                                                                                      
Randall    Shiping                                                                                                                                                                                      
Peter      Shiping                                                                                                                                                                                      
Eleni      Sales                                                                                                                                                                                        
Ellen      Sales                                                                                                                                                                                        
Jonathon   Sales                                                                                                                                                                                        
Jennifer   Administration                                                                                                                                                                               
Michael    Marketing                                                                                                                                                                                    
Pat        Marketing                                                                                                                                                                                    
Shelley    Accounting                                                                                                                                                                                   
William    Accounting                                                                                                                                                                                   
           Contracting                                                                                                                                                                                  

20 rows selected.

SQL> SELECT FIRST_NAME , DEPARTMENT_NAME
  2  FROM EMPLOYEES FULL JOIN DEPARTMENTS USING (DEPARTMENT_ID);

FIRST_NAME DEPARTMENT_NAME                                                                                                                                                                              
---------- ------------------------------                                                                                                                                                               
Steven     Executive                                                                                                                                                                                    
Neena      Executive                                                                                                                                                                                    
Lex        Executive                                                                                                                                                                                    
Alexander  IT                                                                                                                                                                                           
Bruce      IT                                                                                                                                                                                           
Diana      IT                                                                                                                                                                                           
Kevin      Shiping                                                                                                                                                                                      
Trenna     Shiping                                                                                                                                                                                      
Curtis     Shiping                                                                                                                                                                                      
Randall    Shiping                                                                                                                                                                                      
Peter      Shiping                                                                                                                                                                                      
Eleni      Sales                                                                                                                                                                                        
Ellen      Sales                                                                                                                                                                                        
Jonathon   Sales                                                                                                                                                                                        
Kimerely                                                                                                                                                                                                
Jennifer   Administration                                                                                                                                                                               
Michael    Marketing                                                                                                                                                                                    
Pat        Marketing                                                                                                                                                                                    
Shelley    Accounting                                                                                                                                                                                   
William    Accounting                                                                                                                                                                                   
           Contracting                                                                                                                                                                                  

21 rows selected.

SQL> SELECT * FROM COUNTRIES;

CO COUNTRY_NAME                              REGION_ID                                                                                                                                                  
-- ---------------------------------------- ----------                                                                                                                                                  
CA Canada                                            2                                                                                                                                                  
DE Germany                                           1                                                                                                                                                  
UK United Kingdom                                    1                                                                                                                                                  
US United States of America                          2                                                                                                                                                  

SQL> SELECT * FROM REGIONS;

 REGION_ID REGION_NAME                                                                                                                                                                                  
---------- -------------------------                                                                                                                                                                    
         1 Europe                                                                                                                                                                                       
         2 Americas                                                                                                                                                                                     
         3 Asia                                                                                                                                                                                         
         4 Middle East and Africa                                                                                                                                                                       
         5 ANTA                                                                                                                                                                                         
         6 AUST                                                                                                                                                                                         

6 rows selected.

SQL> REM COUNTRY_NAME , REGION_NAME
SQL> 
SQL> DELETE REGIONS WHERE REGION_ID IN (5,6);

2 rows deleted.

SQL> COMMIT;

Commit complete.

SQL> SELECT * FROM COUNTRIES;

CO COUNTRY_NAME                              REGION_ID                                                                                                                                                  
-- ---------------------------------------- ----------                                                                                                                                                  
CA Canada                                            2                                                                                                                                                  
DE Germany                                           1                                                                                                                                                  
UK United Kingdom                                    1                                                                                                                                                  
US United States of America                          2                                                                                                                                                  

SQL> SELECT * FROM REGIONS;

 REGION_ID REGION_NAME                                                                                                                                                                                  
---------- -------------------------                                                                                                                                                                    
         1 Europe                                                                                                                                                                                       
         2 Americas                                                                                                                                                                                     
         3 Asia                                                                                                                                                                                         
         4 Middle East and Africa                                                                                                                                                                       

SQL> REM COUNTRY_NAME , REGION_NAME
SQL> 
SQL> SELECT COUNTRY_NAME , REGION_NAME
  2  FROM COUNTRIES
  3  RIGHT JOIN REGIONS USING (REGION_ID);

COUNTRY_NAME                             REGION_NAME                                                                                                                                                    
---------------------------------------- -------------------------                                                                                                                                      
Canada                                   Americas                                                                                                                                                       
Germany                                  Europe                                                                                                                                                         
United Kingdom                           Europe                                                                                                                                                         
United States of America                 Americas                                                                                                                                                       
                                         Middle East and Africa                                                                                                                                         
                                         Asia                                                                                                                                                           

6 rows selected.

SQL> SELECT COUNTRY_NAME , REGION_NAME
  2  FROM REGIONS
  3  LEFT JOIN COUNTRIES USING (REGION_ID);

COUNTRY_NAME                             REGION_NAME                                                                                                                                                    
---------------------------------------- -------------------------                                                                                                                                      
Canada                                   Americas                                                                                                                                                       
Germany                                  Europe                                                                                                                                                         
United Kingdom                           Europe                                                                                                                                                         
United States of America                 Americas                                                                                                                                                       
                                         Middle East and Africa                                                                                                                                         
                                         Asia                                                                                                                                                           

6 rows selected.

SQL> SELECT COUNTRY_NAME , REGION_NAME
  2  FROM COUNTRIES C
  3  RIGHT JOIN REGIONS R ON C.REGION_ID = R.REGION_ID;

COUNTRY_NAME                             REGION_NAME                                                                                                                                                    
---------------------------------------- -------------------------                                                                                                                                      
Canada                                   Americas                                                                                                                                                       
Germany                                  Europe                                                                                                                                                         
United Kingdom                           Europe                                                                                                                                                         
United States of America                 Americas                                                                                                                                                       
                                         Middle East and Africa                                                                                                                                         
                                         Asia                                                                                                                                                           

6 rows selected.

SQL> SELECT COUNTRY_NAME , REGION_NAME
  2  FROM REGIONS R
  3  LEFT JOIN COUNTRIES C ON C.REGION_ID = R.REGION_ID;

COUNTRY_NAME                             REGION_NAME                                                                                                                                                    
---------------------------------------- -------------------------                                                                                                                                      
Canada                                   Americas                                                                                                                                                       
Germany                                  Europe                                                                                                                                                         
United Kingdom                           Europe                                                                                                                                                         
United States of America                 Americas                                                                                                                                                       
                                         Middle East and Africa                                                                                                                                         
                                         Asia                                                                                                                                                           

6 rows selected.

SQL> SPOOL OFF
